max_temp_lag1,cloud_cover_mean,dew_point_2m_mean,Predictions,Forecasts,date,Error in prediction and forecast,Timestamp Key,Binned Predictions,Optimized Predictions,95 Interval Limit
24.195499420166016,34.375,10.997724533081056,23.0,24.0,2026-07-21,1.0,2026-07-21 09:27:40.621792,2.0,23.708933948443978,2.6690541884206564
24.195499420166016,51.25,12.033692359924316,24.0,28.0,2026-07-22,4.0,2026-07-21 09:27:40.621792,2.0,24.691794291141097,2.6690541884206564
27.89550018310547,76.90625,11.752792358398438,27.0,26.0,2026-07-23,-1.0,2026-07-21 09:27:40.621792,3.0,27.64037531923245,3.228399629277747
26.458999633789062,56.125,12.48313808441162,26.0,28.0,2026-07-24,2.0,2026-07-21 09:27:40.621792,3.0,26.65751497653534,3.228399629277747
28.40900039672852,73.625,10.237601280212402,27.0,26.0,2026-07-25,-1.0,2026-07-21 09:27:40.621792,3.0,27.64037531923245,3.228399629277747
25.85900115966797,55.875,12.25853157043457,25.0,25.0,2026-07-26,0.0,2026-07-21 09:27:40.621792,2.0,25.67465463383822,2.6690541884206564
24.85900115966797,44.9375,11.548270225524902,24.0,26.0,2026-07-27,2.0,2026-07-21 09:27:40.621792,2.0,24.691794291141097,2.6690541884206564
26.35900115966797,6.90625,13.20253849029541,26.0,26.0,2026-07-28,0.0,2026-07-21 09:27:40.621792,3.0,26.65751497653534,3.228399629277747
26.450000762939453,89.875,12.731249809265137,26.0,27.0,2026-07-29,1.0,2026-07-21 09:27:40.621792,3.0,26.65751497653534,3.228399629277747
27.350000381469727,33.25,9.368749618530272,26.0,25.0,2026-07-30,-1.0,2026-07-21 09:27:40.621792,3.0,26.65751497653534,3.228399629277747
25.200000762939453,52.0,8.356249809265137,24.0,28.0,2026-07-31,4.0,2026-07-21 09:27:40.621792,2.0,24.691794291141097,2.6690541884206564
28.0,34.75,10.487499237060549,27.0,27.0,2026-08-01,0.0,2026-07-21 09:27:40.621792,3.0,27.64037531923245,3.228399629277747
26.850000381469727,8.875,8.74375057220459,25.0,27.0,2026-08-02,2.0,2026-07-21 09:27:40.621792,2.0,25.67465463383822,2.6690541884206564
26.75,38.625,7.331250190734863,25.0,25.0,2026-08-03,0.0,2026-07-21 09:27:40.621792,2.0,25.67465463383822,2.6690541884206564
25.25,7.25,6.850000381469727,23.0,26.0,2026-08-04,3.0,2026-07-21 09:27:40.621792,2.0,23.708933948443978,2.6690541884206564
27.39550018310547,60.75,11.241636276245115,26.0,27.0,2026-07-22,1.0,2026-07-22 09:27:04.889496,3.0,26.65751497653534,3.228399629277747
27.39550018310547,87.375,12.654204368591309,27.0,25.0,2026-07-23,-2.0,2026-07-22 09:27:04.889496,3.0,27.64037531923245,3.228399629277747
25.445499420166016,64.71875,12.21035861968994,25.0,28.0,2026-07-24,3.0,2026-07-22 09:27:04.889496,2.0,25.67465463383822,2.6690541884206564
28.25900077819824,45.375,10.678767204284668,27.0,28.0,2026-07-25,1.0,2026-07-22 09:27:04.889496,3.0,27.64037531923245,3.228399629277747
27.708999633789062,58.5,14.358327865600586,27.0,23.0,2026-07-26,-4.0,2026-07-22 09:27:04.889496,3.0,27.64037531923245,3.228399629277747
22.50900077819824,15.125,8.33135986328125,21.0,25.0,2026-07-27,4.0,2026-07-22 09:27:04.889496,2.0,21.74321326304974,2.6690541884206564
25.208999633789062,42.46875,11.681212425231934,25.0,27.0,2026-07-28,2.0,2026-07-22 09:27:04.889496,2.0,25.67465463383822,2.6690541884206564
27.05900001525879,18.8125,11.296704292297363,26.0,31.0,2026-07-29,5.0,2026-07-22 09:27:04.889496,3.0,26.65751497653534,3.228399629277747
30.950000762939453,71.375,11.937500953674316,29.0,30.0,2026-07-30,1.0,2026-07-22 09:27:04.889496,3.0,29.6060960046267,3.228399629277747
29.850000381469727,45.875,13.28749942779541,29.0,31.0,2026-07-31,2.0,2026-07-22 09:27:04.889496,3.0,29.6060960046267,3.228399629277747
30.75,81.75,12.837499618530272,30.0,25.0,2026-08-01,-5.0,2026-07-22 09:27:04.889496,3.0,30.58895634732382,3.228399629277747
25.100000381469727,3.75,7.72499942779541,23.0,24.0,2026-08-02,1.0,2026-07-22 09:27:04.889496,2.0,23.708933948443978,2.6690541884206564
24.5,56.5,8.443750381469727,23.0,28.0,2026-08-03,5.0,2026-07-22 09:27:04.889496,2.0,23.708933948443978,2.6690541884206564
27.549999237060547,54.875,15.199999809265137,28.0,25.0,2026-08-04,-3.0,2026-07-22 09:27:04.889496,3.0,28.62323566192958,3.228399629277747
25.350000381469727,34.5,14.46875,25.0,29.0,2026-08-05,4.0,2026-07-22 09:27:04.889496,2.0,25.67465463383822,2.6690541884206564
25.695499420166016,92.375,11.388591766357422,25.0,26.0,2026-07-23,1.0,2026-07-23 09:25:13.578769,2.0,25.67465463383822,2.6690541884206564
25.695499420166016,83.625,12.000971794128418,25.0,28.0,2026-07-24,3.0,2026-07-23 09:25:13.578769,2.0,25.67465463383822,2.6690541884206564
28.14550018310547,18.09375,9.676210403442385,26.0,28.0,2026-07-25,2.0,2026-07-23 09:25:13.578769,3.0,26.65751497653534,3.228399629277747
28.208999633789062,62.75,12.05709457397461,27.0,24.0,2026-07-26,-3.0,2026-07-23 09:25:13.578769,3.0,27.64037531923245,3.228399629277747
24.40900039672852,0.0,6.782268524169922,22.0,27.0,2026-07-27,5.0,2026-07-23 09:25:13.578769,2.0,22.72607360574686,2.6690541884206564
27.208999633789062,18.625,11.776816368103027,26.0,29.0,2026-07-28,3.0,2026-07-23 09:25:13.578769,3.0,26.65751497653534,3.228399629277747
28.958999633789062,42.0,12.39010524749756,28.0,32.0,2026-07-29,4.0,2026-07-23 09:25:13.578769,3.0,28.62323566192958,3.228399629277747
32.40900039672852,77.875,13.392250061035156,31.0,29.0,2026-07-30,-2.0,2026-07-23 09:25:13.578769,3.0,31.571816690020945,3.228399629277747
28.799999237060547,51.625,13.837498664855955,28.0,29.0,2026-07-31,1.0,2026-07-23 09:25:13.578769,3.0,28.62323566192958,3.228399629277747
29.049999237060547,46.875,14.31874942779541,29.0,32.0,2026-08-01,3.0,2026-07-23 09:25:13.578769,3.0,29.6060960046267,3.228399629277747
32.20000076293945,77.875,14.981249809265137,31.0,29.0,2026-08-02,-2.0,2026-07-23 09:25:13.578769,3.0,31.571816690020945,3.228399629277747
28.850000381469727,59.375,11.824999809265137,28.0,25.0,2026-08-03,-3.0,2026-07-23 09:25:13.578769,3.0,28.62323566192958,3.228399629277747
25.450000762939453,66.75,9.4375,24.0,24.0,2026-08-04,0.0,2026-07-23 09:25:13.578769,2.0,24.691794291141097,2.6690541884206564
24.39999961853028,20.625,12.46875,24.0,26.0,2026-08-05,2.0,2026-07-23 09:25:13.578769,2.0,24.691794291141097,2.6690541884206564
26.39999961853028,64.875,9.98750114440918,25.0,24.0,2026-08-06,-1.0,2026-07-23 09:25:13.578769,2.0,25.67465463383822,2.6690541884206564
28.34549903869629,74.5,11.505364418029783,27.0,28.0,2026-07-24,1.0,2026-07-24 09:22:39.419733,3.0,27.64037531923245,3.228399629277747
28.34549903869629,22.375,9.882171630859377,27.0,29.0,2026-07-25,2.0,2026-07-24 09:22:39.419733,3.0,27.64037531923245,3.228399629277747
29.14550018310547,49.21875,12.002531051635742,28.0,25.0,2026-07-26,-3.0,2026-07-24 09:22:39.419733,3.0,28.62323566192958,3.228399629277747
24.85900115966797,13.25,10.782103538513184,24.0,26.0,2026-07-27,2.0,2026-07-24 09:22:39.419733,2.0,24.691794291141097,2.6690541884206564
25.90900039672852,4.5,12.008611679077148,25.0,29.0,2026-07-28,4.0,2026-07-24 09:22:39.419733,2.0,25.67465463383822,2.6690541884206564
28.958999633789062,12.375,12.310546875,28.0,31.0,2026-07-29,3.0,2026-07-24 09:22:39.419733,3.0,28.62323566192958,3.228399629277747
31.35900115966797,30.75,13.139728546142578,30.0,29.0,2026-07-30,-1.0,2026-07-24 09:22:39.419733,3.0,30.58895634732382,3.228399629277747
29.10900115966797,54.84375,9.860793113708496,27.0,29.0,2026-07-31,2.0,2026-07-24 09:22:39.419733,3.0,27.64037531923245,3.228399629277747
29.0,31.375,14.750000953674316,29.0,32.0,2026-08-01,3.0,2026-07-24 09:22:39.419733,3.0,29.6060960046267,3.228399629277747
31.89999961853028,15.875,15.49375057220459,31.0,32.0,2026-08-02,1.0,2026-07-24 09:22:39.419733,3.0,31.571816690020945,3.228399629277747
32.29999923706055,42.625,12.90625,31.0,29.0,2026-08-03,-2.0,2026-07-24 09:22:39.419733,3.0,31.571816690020945,3.228399629277747
28.75,20.125,11.706250190734863,27.0,28.0,2026-08-04,1.0,2026-07-24 09:22:39.419733,3.0,27.64037531923245,3.228399629277747
27.850000381469727,44.125,8.22499942779541,26.0,29.0,2026-08-05,3.0,2026-07-24 09:22:39.419733,3.0,26.65751497653534,3.228399629277747
29.100000381469727,18.25,7.687499523162842,27.0,27.0,2026-08-06,0.0,2026-07-24 09:22:39.419733,3.0,27.64037531923245,3.228399629277747
27.450000762939453,14.375,9.38124942779541,26.0,26.0,2026-08-07,0.0,2026-07-24 09:22:39.419733,3.0,26.65751497653534,3.228399629277747
28.89550018310547,47.625,9.80421543121338,27.0,29.0,2026-07-25,2.0,2026-07-25 09:02:56.432174,3.0,27.64037531923245,3.228399629277747
28.89550018310547,72.75,11.915419578552246,28.0,24.0,2026-07-26,-4.0,2026-07-25 09:02:56.432174,3.0,28.62323566192958,3.228399629277747
24.34549903869629,13.125,10.446736335754396,23.0,26.0,2026-07-27,3.0,2026-07-25 09:02:56.432174,2.0,23.708933948443978,2.6690541884206564
26.40900039672852,17.75,14.845062255859377,26.0,30.0,2026-07-28,4.0,2026-07-25 09:02:56.432174,3.0,26.65751497653534,3.228399629277747
29.60900115966797,29.625,12.465496063232422,28.0,34.0,2026-07-29,6.0,2026-07-25 09:02:56.432174,3.0,28.62323566192958,3.228399629277747
33.80900192260742,56.25,13.2677001953125,32.0,28.0,2026-07-30,-4.0,2026-07-25 09:02:56.432174,3.0,32.55467703271806,3.228399629277747
27.80900001525879,56.28125,13.524954795837402,27.0,27.0,2026-07-31,0.0,2026-07-25 09:02:56.432174,3.0,27.64037531923245,3.228399629277747
27.35900115966797,58.65625,12.098421096801758,26.0,26.0,2026-08-01,0.0,2026-07-25 09:02:56.432174,3.0,26.65751497653534,3.228399629277747
26.5,46.375,9.149999618530272,25.0,27.0,2026-08-02,2.0,2026-07-25 09:02:56.432174,2.0,25.67465463383822,2.6690541884206564
27.299999237060547,43.0,11.081250190734863,26.0,25.0,2026-08-03,-1.0,2026-07-25 09:02:56.432174,3.0,26.65751497653534,3.228399629277747
25.350000381469727,85.375,13.149999618530272,25.0,24.0,2026-08-04,-1.0,2026-07-25 09:02:56.432174,2.0,25.67465463383822,2.6690541884206564
24.200000762939453,71.125,17.15625,25.0,26.0,2026-08-05,1.0,2026-07-25 09:02:56.432174,2.0,25.67465463383822,2.6690541884206564
25.700000762939453,81.75,15.800000190734863,26.0,24.0,2026-08-06,-2.0,2026-07-25 09:02:56.432174,3.0,26.65751497653534,3.228399629277747
24.049999237060547,71.375,10.28749942779541,23.0,22.0,2026-08-07,-1.0,2026-07-25 09:02:56.432174,2.0,23.708933948443978,2.6690541884206564
22.100000381469727,15.375,7.175000190734863,21.0,22.0,2026-08-08,1.0,2026-07-25 09:02:56.432174,2.0,21.74321326304974,2.6690541884206564
24.445499420166016,75.75,12.369511604309082,24.0,24.0,2026-07-26,0.0,2026-07-26 09:13:32.720989,2.0,24.691794291141097,2.6690541884206564
24.445499420166016,55.375,10.170101165771484,23.0,26.0,2026-07-27,3.0,2026-07-26 09:13:32.720989,2.0,23.708933948443978,2.6690541884206564
25.745500564575195,28.25,14.811848640441896,26.0,28.0,2026-07-28,2.0,2026-07-26 09:13:32.720989,3.0,26.65751497653534,3.228399629277747
28.208999633789062,8.75,12.109966278076172,27.0,33.0,2026-07-29,6.0,2026-07-26 09:13:32.720989,3.0,27.64037531923245,3.228399629277747
33.20899963378906,51.875,13.757180213928224,32.0,28.0,2026-07-30,-4.0,2026-07-26 09:13:32.720989,3.0,32.55467703271806,3.228399629277747
27.80900001525879,40.125,8.240553855895996,26.0,24.0,2026-07-31,-2.0,2026-07-26 09:13:32.720989,3.0,26.65751497653534,3.228399629277747
23.80900001525879,19.0,5.5470781326293945,22.0,24.0,2026-08-01,2.0,2026-07-26 09:13:32.720989,2.0,22.72607360574686,2.6690541884206564
23.65900039672852,87.125,11.26690673828125,23.0,29.0,2026-08-02,6.0,2026-07-26 09:13:32.720989,2.0,23.708933948443978,2.6690541884206564
28.700000762939453,76.75,11.443750381469728,27.0,28.0,2026-08-03,1.0,2026-07-26 09:13:32.720989,3.0,27.64037531923245,3.228399629277747
27.700000762939453,49.875,11.074999809265137,26.0,26.0,2026-08-04,0.0,2026-07-26 09:13:32.720989,3.0,26.65751497653534,3.228399629277747
25.5,84.125,15.181249618530272,26.0,26.0,2026-08-05,0.0,2026-07-26 09:13:32.720989,3.0,26.65751497653534,3.228399629277747
25.600000381469727,54.625,11.600000381469728,25.0,24.0,2026-08-06,-1.0,2026-07-26 09:13:32.720989,2.0,25.67465463383822,2.6690541884206564
23.850000381469727,38.375,9.999999046325684,23.0,19.0,2026-08-07,-4.0,2026-07-26 09:13:32.720989,2.0,23.708933948443978,2.6690541884206564
19.39999961853028,42.5,10.55000114440918,19.0,22.0,2026-08-08,3.0,2026-07-26 09:13:32.720989,2.0,19.777492577655497,2.6690541884206564
21.64999961853028,50.875,7.599999904632568,20.0,20.0,2026-08-09,0.0,2026-07-26 09:13:32.720989,2.0,20.760352920352616,2.6690541884206564
25.64550018310547,48.5,10.848806381225586,25.0,26.0,2026-07-27,1.0,2026-07-27 10:43:53.711612,2.0,25.67465463383822,2.6690541884206564
25.64550018310547,55.0,14.6126127243042,26.0,28.0,2026-07-28,2.0,2026-07-27 10:43:53.711612,3.0,26.65751497653534,3.228399629277747
28.495500564575195,0.0,13.170853614807127,28.0,33.0,2026-07-29,5.0,2026-07-27 10:43:53.711612,3.0,28.62323566192958,3.228399629277747
33.00899887084961,43.0,12.610734939575195,31.0,26.0,2026-07-30,-5.0,2026-07-27 10:43:53.711612,3.0,31.571816690020945,3.228399629277747
26.30900001525879,46.875,5.43244743347168,24.0,24.0,2026-07-31,0.0,2026-07-27 10:43:53.711612,2.0,24.691794291141097,2.6690541884206564
23.75900077819824,80.125,8.172033309936523,22.0,26.0,2026-08-01,4.0,2026-07-27 10:43:53.711612,2.0,22.72607360574686,2.6690541884206564
25.60900115966797,88.53125,13.17502784729004,25.0,29.0,2026-08-02,4.0,2026-07-27 10:43:53.711612,2.0,25.67465463383822,2.6690541884206564
28.65900039672852,33.75,11.785882949829102,27.0,30.0,2026-08-03,3.0,2026-07-27 10:43:53.711612,3.0,27.64037531923245,3.228399629277747
30.5,42.0,15.137500762939451,30.0,27.0,2026-08-04,-3.0,2026-07-27 10:43:53.711612,3.0,30.58895634732382,3.228399629277747
27.450000762939453,26.625,9.581250190734863,26.0,23.0,2026-08-05,-3.0,2026-07-27 10:43:53.711612,3.0,26.65751497653534,3.228399629277747
22.75,28.125,7.38124942779541,21.0,24.0,2026-08-06,3.0,2026-07-27 10:43:53.711612,2.0,21.74321326304974,2.6690541884206564
23.89999961853028,64.5,6.412500381469727,22.0,24.0,2026-08-07,2.0,2026-07-27 10:43:53.711612,2.0,22.72607360574686,2.6690541884206564
23.799999237060547,56.625,8.762499809265137,23.0,24.0,2026-08-08,1.0,2026-07-27 10:43:53.711612,2.0,23.708933948443978,2.6690541884206564
23.700000762939453,62.75,10.606250762939451,23.0,25.0,2026-08-09,2.0,2026-07-27 10:43:53.711612,2.0,23.708933948443978,2.6690541884206564
25.25,75.25,14.806249618530272,26.0,25.0,2026-08-10,-1.0,2026-07-27 10:43:53.711612,3.0,26.65751497653534,3.228399629277747
29.59549903869629,14.875,14.44644546508789,29.0,30.0,2026-07-28,1.0,2026-07-28 09:37:21.131287,3.0,29.6060960046267,3.228399629277747
29.59549903869629,1.25,13.02521800994873,28.0,34.0,2026-07-29,6.0,2026-07-28 09:37:21.131287,3.0,28.62323566192958,3.228399629277747
34.39550018310547,58.40625,12.102396965026855,32.0,26.0,2026-07-30,-6.0,2026-07-28 09:37:21.131287,3.0,32.55467703271806,3.228399629277747
26.10900115966797,78.875,6.681009769439697,24.0,24.0,2026-07-31,0.0,2026-07-28 09:37:21.131287,2.0,24.691794291141097,2.6690541884206564
24.10900115966797,18.125,5.547281265258789,22.0,24.0,2026-08-01,2.0,2026-07-28 09:37:21.131287,2.0,22.72607360574686,2.6690541884206564
24.208999633789062,49.625,8.233370780944824,23.0,25.0,2026-08-02,2.0,2026-07-28 09:37:21.131287,2.0,23.708933948443978,2.6690541884206564
25.10900115966797,87.125,14.661651611328123,25.0,20.0,2026-08-03,-5.0,2026-07-28 09:37:21.131287,2.0,25.67465463383822,2.6690541884206564
20.00900077819824,73.875,13.22451114654541,21.0,24.0,2026-08-04,3.0,2026-07-28 09:37:21.131287,2.0,21.74321326304974,2.6690541884206564
24.049999237060547,51.5,9.125,23.0,24.0,2026-08-05,1.0,2026-07-28 09:37:21.131287,2.0,23.708933948443978,2.6690541884206564
24.299999237060547,84.25,10.46875,24.0,26.0,2026-08-06,2.0,2026-07-28 09:37:21.131287,2.0,24.691794291141097,2.6690541884206564
26.0,78.875,9.18125057220459,25.0,24.0,2026-08-07,-1.0,2026-07-28 09:37:21.131287,2.0,25.67465463383822,2.6690541884206564
23.600000381469727,71.125,7.581249713897705,22.0,24.0,2026-08-08,2.0,2026-07-28 09:37:21.131287,2.0,22.72607360574686,2.6690541884206564
23.5,47.75,9.662500381469728,23.0,24.0,2026-08-09,1.0,2026-07-28 09:37:21.131287,2.0,23.708933948443978,2.6690541884206564
24.5,44.5,10.387499809265137,24.0,26.0,2026-08-10,2.0,2026-07-28 09:37:21.131287,2.0,24.691794291141097,2.6690541884206564
26.450000762939453,98.5,11.15000057220459,26.0,25.0,2026-08-11,-1.0,2026-07-28 09:37:21.131287,3.0,26.65751497653534,3.228399629277747
33.39550018310547,14.5,13.574493408203123,32.0,33.0,2026-07-29,1.0,2026-07-29 09:38:11.286755,3.0,32.55467703271806,3.228399629277747
33.39550018310547,57.375,12.822322845458984,32.0,27.0,2026-07-30,-5.0,2026-07-29 09:38:11.286755,3.0,32.55467703271806,3.228399629277747
26.945499420166016,60.0625,5.357241630554199,24.0,23.0,2026-07-31,-1.0,2026-07-29 09:38:11.286755,2.0,24.691794291141097,2.6690541884206564
23.30900001525879,55.375,6.913819313049316,22.0,25.0,2026-08-01,3.0,2026-07-29 09:38:11.286755,2.0,22.72607360574686,2.6690541884206564
24.50900077819824,87.25,8.318846702575684,23.0,26.0,2026-08-02,3.0,2026-07-29 09:38:11.286755,2.0,23.708933948443978,2.6690541884206564
26.05900001525879,97.875,14.738457679748535,26.0,23.0,2026-08-03,-3.0,2026-07-29 09:38:11.286755,3.0,26.65751497653534,3.228399629277747
23.05900001525879,95.8125,11.83928394317627,23.0,22.0,2026-08-04,-1.0,2026-07-29 09:38:11.286755,2.0,23.708933948443978,2.6690541884206564
21.55900001525879,53.28125,6.079030513763428,20.0,25.0,2026-08-05,5.0,2026-07-29 09:38:11.286755,2.0,20.760352920352616,2.6690541884206564
25.100000381469727,66.625,11.050000190734863,24.0,24.0,2026-08-06,0.0,2026-07-29 09:38:11.286755,2.0,24.691794291141097,2.6690541884206564
23.549999237060547,33.5,8.40625,22.0,26.0,2026-08-07,4.0,2026-07-29 09:38:11.286755,2.0,22.72607360574686,2.6690541884206564
26.0,12.875,10.199999809265137,25.0,26.0,2026-08-08,1.0,2026-07-29 09:38:11.286755,2.0,25.67465463383822,2.6690541884206564
26.450000762939453,28.875,8.03125,24.0,27.0,2026-08-09,3.0,2026-07-29 09:38:11.286755,2.0,24.691794291141097,2.6690541884206564
27.25,1.25,13.53749942779541,27.0,30.0,2026-08-10,3.0,2026-07-29 09:38:11.286755,3.0,27.64037531923245,3.228399629277747
30.350000381469727,0.0,11.268750190734863,29.0,32.0,2026-08-11,3.0,2026-07-29 09:38:11.286755,3.0,29.6060960046267,3.228399629277747
32.29999923706055,0.0,11.40625,30.0,31.0,2026-08-12,1.0,2026-07-29 09:38:11.286755,3.0,30.58895634732382,3.228399629277747
26.695499420166016,61.125,13.112998962402344,26.0,27.0,2026-07-30,1.0,2026-07-30 09:31:10.475548,3.0,26.65751497653534,3.228399629277747
26.695499420166016,63.75,5.6553449630737305,24.0,25.0,2026-07-31,1.0,2026-07-30 09:31:10.475548,2.0,24.691794291141097,2.6690541884206564
24.745500564575195,23.78125,6.3144354820251465,23.0,24.0,2026-08-01,1.0,2026-07-30 09:31:10.475548,2.0,23.708933948443978,2.6690541884206564
23.65900039672852,61.625,6.946758270263672,22.0,26.0,2026-08-02,4.0,2026-07-30 09:31:10.475548,2.0,22.72607360574686,2.6690541884206564
25.80900001525879,81.75,11.258638381958008,25.0,29.0,2026-08-03,4.0,2026-07-30 09:31:10.475548,2.0,25.67465463383822,2.6690541884206564
28.60900115966797,69.25,15.331768035888672,28.0,26.0,2026-08-04,-2.0,2026-07-30 09:31:10.475548,3.0,28.62323566192958,3.228399629277747
26.25900077819824,52.6875,12.874114990234377,26.0,26.0,2026-08-05,0.0,2026-07-30 09:31:10.475548,3.0,26.65751497653534,3.228399629277747
26.25900077819824,54.84375,13.750914573669434,26.0,25.0,2026-08-06,-1.0,2026-07-30 09:31:10.475548,3.0,26.65751497653534,3.228399629277747
25.0,99.375,15.962499618530272,26.0,20.0,2026-08-07,-6.0,2026-07-30 09:31:10.475548,3.0,26.65751497653534,3.228399629277747
20.299999237060547,69.625,13.65625,21.0,22.0,2026-08-08,1.0,2026-07-30 09:31:10.475548,2.0,21.74321326304974,2.6690541884206564
22.14999961853028,83.625,11.649999618530272,22.0,21.0,2026-08-09,-1.0,2026-07-30 09:31:10.475548,2.0,22.72607360574686,2.6690541884206564
21.450000762939453,62.0,12.99375057220459,22.0,24.0,2026-08-10,2.0,2026-07-30 09:31:10.475548,2.0,22.72607360574686,2.6690541884206564
23.549999237060547,46.875,16.337499618530273,24.0,29.0,2026-08-11,5.0,2026-07-30 09:31:10.475548,2.0,24.691794291141097,2.6690541884206564
28.700000762939453,65.625,15.550000190734863,29.0,26.0,2026-08-12,-3.0,2026-07-30 09:31:10.475548,3.0,29.6060960046267,3.228399629277747
25.64999961853028,59.0,12.762499809265137,25.0,25.0,2026-08-13,0.0,2026-07-30 09:31:10.475548,2.0,25.67465463383822,2.6690541884206564
25.245500564575195,54.875,7.364792346954346,23.0,25.0,2026-07-31,2.0,2026-07-31 09:46:00.048841,2.0,23.708933948443978,2.6690541884206564
25.245500564575195,56.0,5.949493408203125,23.0,26.0,2026-08-01,3.0,2026-07-31 09:46:00.048841,2.0,23.708933948443978,2.6690541884206564
25.745500564575195,65.52083587646484,10.07050609588623,25.0,26.0,2026-08-02,1.0,2026-07-31 09:46:00.048841,2.0,25.67465463383822,2.6690541884206564
25.90900039672852,55.5,14.382927894592283,26.0,29.0,2026-08-03,3.0,2026-07-31 09:46:00.048841,3.0,26.65751497653534,3.228399629277747
29.00900077819824,66.5,16.018169403076172,29.0,27.0,2026-08-04,-2.0,2026-07-31 09:46:00.048841,3.0,29.6060960046267,3.228399629277747
26.60900115966797,53.58333206176758,14.147255897521973,26.0,26.0,2026-08-05,0.0,2026-07-31 09:46:00.048841,3.0,26.65751497653534,3.228399629277747
25.958999633789062,77.13541412353516,10.652247428894045,25.0,24.0,2026-08-06,-1.0,2026-07-31 09:46:00.048841,2.0,25.67465463383822,2.6690541884206564
24.00900077819824,96.0,17.217369079589844,25.0,26.0,2026-08-07,1.0,2026-07-31 09:46:00.048841,2.0,25.67465463383822,2.6690541884206564
26.14999961853028,78.91666412353516,13.258331298828123,26.0,20.0,2026-08-08,-6.0,2026-07-31 09:46:00.048841,3.0,26.65751497653534,3.228399629277747
20.350000381469727,69.16666412353516,11.177083015441896,20.0,21.0,2026-08-09,1.0,2026-07-31 09:46:00.048841,2.0,20.760352920352616,2.6690541884206564
21.100000381469727,36.33333206176758,10.664584159851074,21.0,20.0,2026-08-10,-1.0,2026-07-31 09:46:00.048841,2.0,21.74321326304974,2.6690541884206564
20.350000381469727,28.54166603088379,11.012499809265137,20.0,20.0,2026-08-11,0.0,2026-07-31 09:46:00.048841,2.0,20.760352920352616,2.6690541884206564
20.200000762939453,64.375,13.68333339691162,21.0,24.0,2026-08-12,3.0,2026-07-31 09:46:00.048841,2.0,21.74321326304974,2.6690541884206564
24.450000762939453,47.33333206176758,14.962501525878906,25.0,26.0,2026-08-13,1.0,2026-07-31 09:46:00.048841,2.0,25.67465463383822,2.6690541884206564
26.200000762939453,95.125,13.389582633972168,26.0,25.0,2026-08-14,-1.0,2026-07-31 09:46:00.048841,3.0,26.65751497653534,3.228399629277747
25.89550018310547,30.54166603088379,4.814990520477295,23.0,26.0,2026-08-01,3.0,2026-08-01 09:06:36.578323,2.0,23.708933948443978,2.6690541884206564
25.89550018310547,61.25,9.37636661529541,24.0,27.0,2026-08-02,3.0,2026-08-01 09:06:36.578323,2.0,24.691794291141097,2.6690541884206564
26.64550018310547,66.55208587646484,14.332758903503418,27.0,29.0,2026-08-03,2.0,2026-08-01 09:06:36.578323,3.0,27.64037531923245,3.228399629277747
29.10900115966797,73.75,16.335622787475586,29.0,27.0,2026-08-04,-2.0,2026-08-01 09:06:36.578323,3.0,29.6060960046267,3.228399629277747
26.65900039672852,44.0,15.092002868652344,27.0,24.0,2026-08-05,-3.0,2026-08-01 09:06:36.578323,3.0,27.64037531923245,3.228399629277747
24.10900115966797,0.0,6.877501010894775,22.0,23.0,2026-08-06,1.0,2026-08-01 09:06:36.578323,2.0,22.72607360574686,2.6690541884206564
22.958999633789062,75.86458587646484,8.15463924407959,22.0,25.0,2026-08-07,3.0,2026-08-01 09:06:36.578323,2.0,22.72607360574686,2.6690541884206564
25.458999633789062,20.35416603088379,8.440224647521973,24.0,25.0,2026-08-08,1.0,2026-08-01 09:06:36.578323,2.0,24.691794291141097,2.6690541884206564
24.799999237060547,2.8333332538604736,9.0791654586792,23.0,26.0,2026-08-09,3.0,2026-08-01 09:06:36.578323,2.0,23.708933948443978,2.6690541884206564
25.600000381469727,47.125,11.145832061767578,25.0,27.0,2026-08-10,2.0,2026-08-01 09:06:36.578323,2.0,25.67465463383822,2.6690541884206564
27.200000762939453,89.08333587646484,10.80625057220459,26.0,31.0,2026-08-11,5.0,2026-08-01 09:06:36.578323,3.0,26.65751497653534,3.228399629277747
31.39999961853028,89.66666412353516,14.345832824707031,31.0,29.0,2026-08-12,-2.0,2026-08-01 09:06:36.578323,3.0,31.571816690020945,3.228399629277747
29.25,79.58333587646484,15.9375,29.0,27.0,2026-08-13,-2.0,2026-08-01 09:06:36.578323,3.0,29.6060960046267,3.228399629277747
27.25,7.791666507720947,14.033332824707031,27.0,26.0,2026-08-14,-1.0,2026-08-01 09:06:36.578323,3.0,27.64037531923245,3.228399629277747
25.5,84.95833587646484,13.197916984558104,25.0,24.0,2026-08-15,-1.0,2026-08-01 09:06:36.578323,2.0,25.67465463383822,2.6690541884206564
26.995500564575195,67.5,8.82859992980957,25.0,27.0,2026-08-02,2.0,2026-08-02 09:09:29.116907,2.0,25.67465463383822,2.6690541884206564
26.995500564575195,0.0,13.219378471374512,26.0,32.0,2026-08-03,6.0,2026-08-02 09:09:29.116907,3.0,26.65751497653534,3.228399629277747
32.295501708984375,68.80208587646484,13.990086555480955,31.0,27.0,2026-08-04,-4.0,2026-08-02 09:09:29.116907,3.0,31.571816690020945,3.228399629277747
27.00900077819824,34.95833206176758,12.4058198928833,26.0,25.0,2026-08-05,-1.0,2026-08-02 09:09:29.116907,3.0,26.65751497653534,3.228399629277747
25.00900077819824,54.83333206176758,6.504278182983398,23.0,23.0,2026-08-06,0.0,2026-08-02 09:09:29.116907,2.0,23.708933948443978,2.6690541884206564
22.55900001525879,53.66666793823242,8.542927742004395,21.0,21.0,2026-08-07,0.0,2026-08-02 09:09:29.116907,2.0,21.74321326304974,2.6690541884206564
20.958999633789062,57.70833206176758,9.715291023254396,20.0,22.0,2026-08-08,2.0,2026-08-02 09:09:29.116907,2.0,20.760352920352616,2.6690541884206564
21.85900115966797,64.52083587646484,10.9945650100708,22.0,25.0,2026-08-09,3.0,2026-08-02 09:09:29.116907,2.0,22.72607360574686,2.6690541884206564
25.39999961853028,42.5,10.512499809265137,24.0,26.0,2026-08-10,2.0,2026-08-02 09:09:29.116907,2.0,24.691794291141097,2.6690541884206564
25.799999237060547,48.16666793823242,11.029167175292969,25.0,29.0,2026-08-11,4.0,2026-08-02 09:09:29.116907,2.0,25.67465463383822,2.6690541884206564
29.049999237060547,77.0,13.68125057220459,28.0,24.0,2026-08-12,-4.0,2026-08-02 09:09:29.116907,3.0,28.62323566192958,3.228399629277747
24.14999961853028,37.04166793823242,14.333332061767578,24.0,23.0,2026-08-13,-1.0,2026-08-02 09:09:29.116907,2.0,24.691794291141097,2.6690541884206564
23.350000381469727,55.625,13.364582061767578,23.0,22.0,2026-08-14,-1.0,2026-08-02 09:09:29.116907,2.0,23.708933948443978,2.6690541884206564
21.549999237060547,70.04166412353516,13.254165649414062,22.0,21.0,2026-08-15,-1.0,2026-08-02 09:09:29.116907,2.0,22.72607360574686,2.6690541884206564
20.549999237060547,57.91666793823242,12.36666774749756,21.0,20.0,2026-08-16,-1.0,2026-08-02 09:09:29.116907,2.0,21.74321326304974,2.6690541884206564
31.245500564575195,10.708333015441896,12.361209869384766,30.0,31.0,2026-08-03,1.0,2026-08-03 10:43:17.442131,3.0,30.58895634732382,3.228399629277747
31.245500564575195,50.25,14.779994010925291,30.0,27.0,2026-08-04,-3.0,2026-08-03 10:43:17.442131,3.0,30.58895634732382,3.228399629277747
27.14550018310547,46.6875,10.793444633483888,26.0,25.0,2026-08-05,-1.0,2026-08-03 10:43:17.442131,3.0,26.65751497653534,3.228399629277747
24.75900077819824,46.41666793823242,9.206149101257324,23.0,21.0,2026-08-06,-2.0,2026-08-03 10:43:17.442131,2.0,23.708933948443978,2.6690541884206564
20.50900077819824,63.70833206176758,9.161090850830078,20.0,22.0,2026-08-07,2.0,2026-08-03 10:43:17.442131,2.0,20.760352920352616,2.6690541884206564
21.708999633789062,72.125,11.70885944366455,22.0,23.0,2026-08-08,1.0,2026-08-03 10:43:17.442131,2.0,22.72607360574686,2.6690541884206564
23.05900001525879,76.1875,9.619561195373535,22.0,24.0,2026-08-09,2.0,2026-08-03 10:43:17.442131,2.0,22.72607360574686,2.6690541884206564
24.10900115966797,28.45833396911621,6.73882532119751,22.0,23.0,2026-08-10,1.0,2026-08-03 10:43:17.442131,2.0,22.72607360574686,2.6690541884206564
22.64999961853028,1.5416666269302368,4.549999237060547,20.0,25.0,2026-08-11,5.0,2026-08-03 10:43:17.442131,2.0,20.760352920352616,2.6690541884206564
24.75,22.625,9.862500190734863,24.0,27.0,2026-08-12,3.0,2026-08-03 10:43:17.442131,2.0,24.691794291141097,2.6690541884206564
27.39999961853028,31.79166603088379,10.041666030883787,26.0,30.0,2026-08-13,4.0,2026-08-03 10:43:17.442131,3.0,26.65751497653534,3.228399629277747
29.799999237060547,55.875,9.533333778381348,28.0,26.0,2026-08-14,-2.0,2026-08-03 10:43:17.442131,3.0,28.62323566192958,3.228399629277747
25.600000381469727,81.04166412353516,11.431248664855955,25.0,27.0,2026-08-15,2.0,2026-08-03 10:43:17.442131,2.0,25.67465463383822,2.6690541884206564
26.89999961853028,8.5,10.90208339691162,26.0,30.0,2026-08-16,4.0,2026-08-03 10:43:17.442131,3.0,26.65751497653534,3.228399629277747
29.850000381469727,0.0,11.21458339691162,28.0,32.0,2026-08-17,4.0,2026-08-03 10:43:17.442131,3.0,28.62323566192958,3.228399629277747
29.39550018310547,33.5,13.863189697265623,29.0,29.0,2026-08-04,0.0,2026-08-04 09:39:03.250392,3.0,29.6060960046267,3.228399629277747
29.39550018310547,47.20833206176758,9.784319877624512,27.0,24.0,2026-08-05,-3.0,2026-08-04 09:39:03.250392,3.0,27.64037531923245,3.228399629277747
24.445499420166016,46.52083206176758,7.375206470489502,23.0,22.0,2026-08-06,-1.0,2026-08-04 09:39:03.250392,2.0,23.708933948443978,2.6690541884206564
21.55900001525879,45.20833206176758,6.650333404541016,20.0,22.0,2026-08-07,2.0,2026-08-04 09:39:03.250392,2.0,20.760352920352616,2.6690541884206564
22.25900077819824,39.54166793823242,6.503198623657227,21.0,26.0,2026-08-08,5.0,2026-08-04 09:39:03.250392,2.0,21.74321326304974,2.6690541884206564
26.05900001525879,67.08333587646484,9.539605140686035,25.0,24.0,2026-08-09,-1.0,2026-08-04 09:39:03.250392,2.0,25.67465463383822,2.6690541884206564
23.50900077819824,43.57291793823242,7.672992706298828,22.0,23.0,2026-08-10,1.0,2026-08-04 09:39:03.250392,2.0,22.72607360574686,2.6690541884206564
22.55900001525879,45.59375,7.879004955291748,21.0,28.0,2026-08-11,7.0,2026-08-04 09:39:03.250392,2.0,21.74321326304974,2.6690541884206564
27.549999237060547,34.95833206176758,12.627082824707031,27.0,33.0,2026-08-12,6.0,2026-08-04 09:39:03.250392,3.0,27.64037531923245,3.228399629277747
33.04999923706055,7.75,12.40000057220459,31.0,27.0,2026-08-13,-4.0,2026-08-04 09:39:03.250392,3.0,31.571816690020945,3.228399629277747
26.700000762939453,75.375,11.377083778381348,26.0,27.0,2026-08-14,1.0,2026-08-04 09:39:03.250392,3.0,26.65751497653534,3.228399629277747
27.100000381469727,90.29166412353516,14.766667366027832,27.0,26.0,2026-08-15,-1.0,2026-08-04 09:39:03.250392,3.0,27.64037531923245,3.228399629277747
26.14999961853028,43.29166793823242,14.95624828338623,26.0,24.0,2026-08-16,-2.0,2026-08-04 09:39:03.250392,3.0,26.65751497653534,3.228399629277747
24.350000381469727,86.33333587646484,13.239582061767578,24.0,19.0,2026-08-17,-5.0,2026-08-04 09:39:03.250392,2.0,24.691794291141097,2.6690541884206564
19.100000381469727,78.16666412353516,11.00416660308838,19.0,21.0,2026-08-18,2.0,2026-08-04 09:39:03.250392,2.0,19.777492577655497,2.6690541884206564
25.045499801635746,58.5,11.03762149810791,24.0,25.0,2026-08-05,1.0,2026-08-05 09:37:37.092745,2.0,24.691794291141097,2.6690541884206564
25.045499801635746,46.125,6.394977569580078,23.0,21.0,2026-08-06,-2.0,2026-08-05 09:37:37.092745,2.0,23.708933948443978,2.6690541884206564
21.39550018310547,33.38541793823242,6.330472469329834,20.0,23.0,2026-08-07,3.0,2026-08-05 09:37:37.092745,2.0,20.760352920352616,2.6690541884206564
23.208999633789062,52.79166793823242,8.298046112060547,22.0,26.0,2026-08-08,4.0,2026-08-05 09:37:37.092745,2.0,22.72607360574686,2.6690541884206564
26.15900039672852,69.29166412353516,11.017849922180176,25.0,26.0,2026-08-09,1.0,2026-08-05 09:37:37.092745,2.0,25.67465463383822,2.6690541884206564
26.05900001525879,43.0,7.609704494476318,24.0,23.0,2026-08-10,-1.0,2026-08-05 09:37:37.092745,2.0,24.691794291141097,2.6690541884206564
23.458999633789062,0.2083333283662796,7.847757339477539,22.0,26.0,2026-08-11,4.0,2026-08-05 09:37:37.092745,2.0,22.72607360574686,2.6690541884206564
26.05900001525879,44.29166793823242,13.564811706542969,26.0,34.0,2026-08-12,8.0,2026-08-05 09:37:37.092745,3.0,26.65751497653534,3.228399629277747
34.400001525878906,58.625,11.581249237060549,32.0,26.0,2026-08-13,-6.0,2026-08-05 09:37:37.092745,3.0,32.55467703271806,3.228399629277747
26.450000762939453,24.16666603088379,11.50208568572998,25.0,26.0,2026-08-14,1.0,2026-08-05 09:37:37.092745,2.0,25.67465463383822,2.6690541884206564
25.799999237060547,32.66666793823242,12.462496757507324,25.0,25.0,2026-08-15,0.0,2026-08-05 09:37:37.092745,2.0,25.67465463383822,2.6690541884206564
25.450000762939453,12.916666984558104,9.89791774749756,24.0,27.0,2026-08-16,3.0,2026-08-05 09:37:37.092745,2.0,24.691794291141097,2.6690541884206564
27.299999237060547,31.66666603088379,14.529168128967283,27.0,25.0,2026-08-17,-2.0,2026-08-05 09:37:37.092745,3.0,27.64037531923245,3.228399629277747
25.200000762939453,30.41666603088379,11.158332824707031,24.0,26.0,2026-08-18,2.0,2026-08-05 09:37:37.092745,2.0,24.691794291141097,2.6690541884206564
26.299999237060547,2.9166667461395264,13.535415649414062,26.0,30.0,2026-08-19,4.0,2026-08-05 09:37:37.092745,3.0,26.65751497653534,3.228399629277747
20.84549903869629,44.75,7.5755133628845215,20.0,21.0,2026-08-06,1.0,2026-08-06 09:40:27.161722,2.0,20.760352920352616,2.6690541884206564
20.84549903869629,54.25,7.255859851837158,20.0,25.0,2026-08-07,5.0,2026-08-06 09:40:27.161722,2.0,20.760352920352616,2.6690541884206564
24.745500564575195,26.04166603088379,8.008282661437988,23.0,27.0,2026-08-08,4.0,2026-08-06 09:40:27.161722,2.0,23.708933948443978,2.6690541884206564
26.958999633789062,48.875,10.884373664855955,26.0,31.0,2026-08-09,5.0,2026-08-06 09:40:27.161722,3.0,26.65751497653534,3.228399629277747
30.60900115966797,69.20833587646484,11.075682640075684,29.0,25.0,2026-08-10,-4.0,2026-08-06 09:40:27.161722,3.0,29.6060960046267,3.228399629277747
25.25900077819824,27.875,9.657381057739258,24.0,26.0,2026-08-11,2.0,2026-08-06 09:40:27.161722,2.0,24.691794291141097,2.6690541884206564
25.65900039672852,0.0,11.985390663146973,25.0,25.0,2026-08-12,0.0,2026-08-06 09:40:27.161722,2.0,25.67465463383822,2.6690541884206564
24.708999633789062,41.58333206176758,13.695202827453612,25.0,30.0,2026-08-13,5.0,2026-08-06 09:40:27.161722,2.0,25.67465463383822,2.6690541884206564
30.14999961853028,33.5,11.429165840148926,29.0,27.0,2026-08-14,-2.0,2026-08-06 09:40:27.161722,3.0,29.6060960046267,3.228399629277747
27.200000762939453,46.25,11.145833015441896,26.0,28.0,2026-08-15,2.0,2026-08-06 09:40:27.161722,3.0,26.65751497653534,3.228399629277747
27.850000381469727,50.16666793823242,14.385416984558104,28.0,28.0,2026-08-16,0.0,2026-08-06 09:40:27.161722,3.0,28.62323566192958,3.228399629277747
28.299999237060547,56.70833206176758,12.170833587646484,27.0,25.0,2026-08-17,-2.0,2026-08-06 09:40:27.161722,3.0,27.64037531923245,3.228399629277747
25.299999237060547,47.29166793823242,11.864584922790527,25.0,24.0,2026-08-18,-1.0,2026-08-06 09:40:27.161722,2.0,25.67465463383822,2.6690541884206564
24.350000381469727,25.58333396911621,10.922917366027832,24.0,25.0,2026-08-19,1.0,2026-08-06 09:40:27.161722,2.0,24.691794291141097,2.6690541884206564
24.850000381469727,47.79166793823242,8.197916984558105,23.0,23.0,2026-08-20,0.0,2026-08-06 09:40:27.161722,2.0,23.708933948443978,2.6690541884206564
25.295499801635746,18.08333396911621,5.759241580963135,23.0,25.0,2026-08-07,2.0,2026-08-07 08:14:43.937895,2.0,23.708933948443978,2.6690541884206564
25.295499801635746,31.83333396911621,6.977356433868408,23.0,28.0,2026-08-08,5.0,2026-08-07 08:14:43.937895,2.0,23.708933948443978,2.6690541884206564
28.34549903869629,34.04166793823242,10.39418888092041,27.0,30.0,2026-08-09,3.0,2026-08-07 08:14:43.937895,3.0,27.64037531923245,3.228399629277747
29.90900039672852,42.33333206176758,12.242165565490724,29.0,26.0,2026-08-10,-3.0,2026-08-07 08:14:43.937895,3.0,29.6060960046267,3.228399629277747
25.75900077819824,0.6666666865348816,10.982735633850098,25.0,25.0,2026-08-11,0.0,2026-08-07 08:14:43.937895,2.0,25.67465463383822,2.6690541884206564
25.208999633789062,0.5416666865348816,12.4504976272583,25.0,28.0,2026-08-12,3.0,2026-08-07 08:14:43.937895,2.0,25.67465463383822,2.6690541884206564
28.10900115966797,24.96875,13.383399963378906,27.0,34.0,2026-08-13,7.0,2026-08-07 08:14:43.937895,3.0,27.64037531923245,3.228399629277747
34.00899887084961,61.23958206176758,14.446395874023438,33.0,31.0,2026-08-14,-2.0,2026-08-07 08:14:43.937895,4.0,33.537537375415184,2.2143364060013955
31.39999961853028,82.33333587646484,12.768749237060549,30.0,29.0,2026-08-15,-1.0,2026-08-07 08:14:43.937895,3.0,30.58895634732382,3.228399629277747
28.89999961853028,82.125,12.366668701171877,28.0,27.0,2026-08-16,-1.0,2026-08-07 08:14:43.937895,3.0,28.62323566192958,3.228399629277747
27.0,40.70833206176758,10.456250190734863,26.0,25.0,2026-08-17,-1.0,2026-08-07 08:14:43.937895,3.0,26.65751497653534,3.228399629277747
25.200000762939453,80.25,14.845832824707031,26.0,25.0,2026-08-18,-1.0,2026-08-07 08:14:43.937895,3.0,26.65751497653534,3.228399629277747
24.75,73.29166412353516,10.94166660308838,24.0,23.0,2026-08-19,-1.0,2026-08-07 08:14:43.937895,2.0,24.691794291141097,2.6690541884206564
23.100000381469727,54.33333206176758,7.591667175292969,22.0,22.0,2026-08-20,0.0,2026-08-07 08:14:43.937895,2.0,22.72607360574686,2.6690541884206564
21.799999237060547,14.291666984558104,7.468751430511475,20.0,24.0,2026-08-21,4.0,2026-08-07 08:14:43.937895,2.0,20.760352920352616,2.6690541884206564
28.045499801635746,16.91666603088379,7.42638349533081,26.0,28.0,2026-08-08,2.0,2026-08-08 07:50:27.307540,3.0,26.65751497653534,3.228399629277747
28.045499801635746,29.79166603088379,9.34545612335205,26.0,32.0,2026-08-09,6.0,2026-08-08 07:50:27.307540,3.0,26.65751497653534,3.228399629277747
32.09550094604492,23.01041603088379,10.446654319763184,30.0,25.0,2026-08-10,-5.0,2026-08-08 07:50:27.307540,3.0,30.58895634732382,3.228399629277747
25.30900001525879,27.08333396911621,11.826374053955078,25.0,25.0,2026-08-11,0.0,2026-08-08 07:50:27.307540,2.0,25.67465463383822,2.6690541884206564
24.958999633789062,20.95833396911621,12.665310859680176,25.0,30.0,2026-08-12,5.0,2026-08-08 07:50:27.307540,2.0,25.67465463383822,2.6690541884206564
30.25900077819824,1.375,14.102779388427734,29.0,33.0,2026-08-13,4.0,2026-08-08 07:50:27.307540,3.0,29.6060960046267,3.228399629277747
32.60900115966797,42.89583206176758,13.47588062286377,31.0,28.0,2026-08-14,-3.0,2026-08-08 07:50:27.307540,3.0,31.571816690020945,3.228399629277747
28.30900001525879,36.85416793823242,13.36670970916748,28.0,33.0,2026-08-15,5.0,2026-08-08 07:50:27.307540,3.0,28.62323566192958,3.228399629277747
32.70000076293945,88.41666412353516,13.731250762939451,31.0,23.0,2026-08-16,-8.0,2026-08-08 07:50:27.307540,3.0,31.571816690020945,3.228399629277747
23.39999961853028,40.125,9.28541660308838,22.0,24.0,2026-08-17,2.0,2026-08-08 07:50:27.307540,2.0,22.72607360574686,2.6690541884206564
24.39999961853028,57.70833206176758,10.012499809265137,23.0,26.0,2026-08-18,3.0,2026-08-08 07:50:27.307540,2.0,23.708933948443978,2.6690541884206564
25.600000381469727,62.125,9.204167366027832,24.0,26.0,2026-08-19,2.0,2026-08-08 07:50:27.307540,2.0,24.691794291141097,2.6690541884206564
25.549999237060547,63.91666793823242,12.691668510437012,25.0,29.0,2026-08-20,4.0,2026-08-08 07:50:27.307540,2.0,25.67465463383822,2.6690541884206564
28.64999961853028,53.79166793823242,11.752082824707031,27.0,28.0,2026-08-21,1.0,2026-08-08 07:50:27.307540,3.0,27.64037531923245,3.228399629277747
27.700000762939453,62.75,13.827083587646484,27.0,27.0,2026-08-22,0.0,2026-08-08 07:50:27.307540,3.0,27.64037531923245,3.228399629277747
31.795499801635746,35.125,7.320041179656982,29.0,32.0,2026-08-09,3.0,2026-08-09 07:54:30.540704,3.0,29.6060960046267,3.228399629277747
31.795499801635746,44.79166793823242,11.147884368896484,30.0,26.0,2026-08-10,-4.0,2026-08-09 07:54:30.540704,3.0,30.58895634732382,3.228399629277747
26.445499420166016,8.802083015441895,11.443474769592283,25.0,24.0,2026-08-11,-1.0,2026-08-09 07:54:30.540704,2.0,25.67465463383822,2.6690541884206564
24.458999633789062,0.0,12.710277557373049,24.0,31.0,2026-08-12,7.0,2026-08-09 07:54:30.540704,2.0,24.691794291141097,2.6690541884206564
30.75900077819824,14.333333015441896,15.194439888000488,30.0,35.0,2026-08-13,5.0,2026-08-09 07:54:30.540704,3.0,30.58895634732382,3.228399629277747
34.80900192260742,9.708333015441896,13.883624076843262,33.0,30.0,2026-08-14,-3.0,2026-08-09 07:54:30.540704,4.0,33.537537375415184,2.2143364060013955
30.10900115966797,41.85416793823242,14.439566612243652,29.0,27.0,2026-08-15,-2.0,2026-08-09 07:54:30.540704,3.0,29.6060960046267,3.228399629277747
27.299999237060547,86.29166412353516,13.3583345413208,27.0,24.0,2026-08-16,-3.0,2026-08-09 07:54:30.540704,3.0,27.64037531923245,3.228399629277747
23.950000762939453,60.25,10.60208225250244,23.0,23.0,2026-08-17,0.0,2026-08-09 07:54:30.540704,2.0,23.708933948443978,2.6690541884206564
22.850000381469727,76.58333587646484,11.877082824707031,23.0,23.0,2026-08-18,0.0,2026-08-09 07:54:30.540704,2.0,23.708933948443978,2.6690541884206564
23.200000762939453,59.66666793823242,11.543749809265137,23.0,24.0,2026-08-19,1.0,2026-08-09 07:54:30.540704,2.0,23.708933948443978,2.6690541884206564
23.799999237060547,60.25,9.216666221618652,23.0,24.0,2026-08-20,1.0,2026-08-09 07:54:30.540704,2.0,23.708933948443978,2.6690541884206564
23.950000762939453,68.70833587646484,14.231250762939451,24.0,20.0,2026-08-21,-4.0,2026-08-09 07:54:30.540704,2.0,24.691794291141097,2.6690541884206564
19.549999237060547,67.41666412353516,10.449999809265137,20.0,20.0,2026-08-22,0.0,2026-08-09 07:54:30.540704,2.0,20.760352920352616,2.6690541884206564
20.14999961853028,94.25,11.802083015441896,20.0,19.0,2026-08-23,-1.0,2026-08-09 07:54:30.540704,2.0,20.760352920352616,2.6690541884206564
26.795499801635746,35.25,10.973214149475098,26.0,27.0,2026-08-10,1.0,2026-08-10 08:27:24.006682,3.0,26.65751497653534,3.228399629277747
26.795499801635746,0.75,10.45614242553711,25.0,25.0,2026-08-11,0.0,2026-08-10 08:27:24.006682,2.0,25.67465463383822,2.6690541884206564
25.495500564575195,2.2083332538604736,12.035000801086426,25.0,30.0,2026-08-12,5.0,2026-08-10 08:27:24.006682,2.0,25.67465463383822,2.6690541884206564
30.458999633789062,4.416666507720947,12.297005653381348,29.0,35.0,2026-08-13,6.0,2026-08-10 08:27:24.006682,3.0,29.6060960046267,3.228399629277747
35.25899887084961,24.625,14.243695259094238,34.0,28.0,2026-08-14,-6.0,2026-08-10 08:27:24.006682,4.0,34.5203977181123,2.2143364060013955
28.35900115966797,64.66666412353516,10.289761543273926,27.0,25.0,2026-08-15,-2.0,2026-08-10 08:27:24.006682,3.0,27.64037531923245,3.228399629277747
25.00900077819824,56.84375,9.654757499694824,24.0,24.0,2026-08-16,0.0,2026-08-10 08:27:24.006682,2.0,24.691794291141097,2.6690541884206564
23.55900001525879,67.03125,13.495635032653809,24.0,23.0,2026-08-17,-1.0,2026-08-10 08:27:24.006682,2.0,24.691794291141097,2.6690541884206564
22.89999961853028,59.125,10.90625,22.0,21.0,2026-08-18,-1.0,2026-08-10 08:27:24.006682,2.0,22.72607360574686,2.6690541884206564
20.89999961853028,40.125,9.012499809265137,20.0,22.0,2026-08-19,2.0,2026-08-10 08:27:24.006682,2.0,20.760352920352616,2.6690541884206564
22.299999237060547,59.125,11.793750762939451,22.0,19.0,2026-08-20,-3.0,2026-08-10 08:27:24.006682,2.0,22.72607360574686,2.6690541884206564
19.350000381469727,83.0,12.806248664855955,20.0,22.0,2026-08-21,2.0,2026-08-10 08:27:24.006682,2.0,20.760352920352616,2.6690541884206564
22.14999961853028,89.29166412353516,14.91249942779541,23.0,22.0,2026-08-22,-1.0,2026-08-10 08:27:24.006682,2.0,23.708933948443978,2.6690541884206564
21.950000762939453,44.125,14.633334159851074,23.0,25.0,2026-08-23,2.0,2026-08-10 08:27:24.006682,2.0,23.708933948443978,2.6690541884206564
25.25,66.08333587646484,15.86666488647461,26.0,19.0,2026-08-24,-7.0,2026-08-10 08:27:24.006682,3.0,26.65751497653534,3.228399629277747
24.945499420166016,11.583333015441896,11.345627784729004,24.0,25.0,2026-08-11,1.0,2026-08-11 08:10:26.619424,2.0,24.691794291141097,2.6690541884206564
24.945499420166016,0.0,11.123173713684082,24.0,33.0,2026-08-12,9.0,2026-08-11 08:10:26.619424,2.0,24.691794291141097,2.6690541884206564
32.69550323486328,6.833333492279053,11.73739528656006,31.0,35.0,2026-08-13,4.0,2026-08-11 08:10:26.619424,3.0,31.571816690020945,3.228399629277747
35.15900039672852,41.375,14.041495323181152,34.0,27.0,2026-08-14,-7.0,2026-08-11 08:10:26.619424,4.0,34.5203977181123,2.2143364060013955
27.30900001525879,80.0,10.060297012329102,26.0,23.0,2026-08-15,-3.0,2026-08-11 08:10:26.619424,3.0,26.65751497653534,3.228399629277747
23.00900077819824,44.95833206176758,8.985952377319336,22.0,25.0,2026-08-16,3.0,2026-08-11 08:10:26.619424,2.0,22.72607360574686,2.6690541884206564
24.90900039672852,54.82291793823242,12.39051342010498,25.0,22.0,2026-08-17,-3.0,2026-08-11 08:10:26.619424,2.0,25.67465463383822,2.6690541884206564
22.40900039672852,87.47916412353516,12.085200309753418,22.0,23.0,2026-08-18,1.0,2026-08-11 08:10:26.619424,2.0,22.72607360574686,2.6690541884206564
22.950000762939453,58.25,14.222918510437012,23.0,25.0,2026-08-19,2.0,2026-08-11 08:10:26.619424,2.0,23.708933948443978,2.6690541884206564
24.700000762939453,46.70833206176758,9.500000953674316,23.0,23.0,2026-08-20,0.0,2026-08-11 08:10:26.619424,2.0,23.708933948443978,2.6690541884206564
23.14999961853028,37.29166793823242,8.922916412353516,22.0,22.0,2026-08-21,0.0,2026-08-11 08:10:26.619424,2.0,22.72607360574686,2.6690541884206564
21.850000381469727,36.91666793823242,8.824999809265137,21.0,21.0,2026-08-22,0.0,2026-08-11 08:10:26.619424,2.0,21.74321326304974,2.6690541884206564
20.850000381469727,21.125,7.670833110809326,20.0,21.0,2026-08-23,1.0,2026-08-11 08:10:26.619424,2.0,20.760352920352616,2.6690541884206564
21.200000762939453,74.0,5.875000476837158,20.0,20.0,2026-08-24,0.0,2026-08-11 08:10:26.619424,2.0,20.760352920352616,2.6690541884206564
20.14999961853028,56.70833206176758,6.468749523162842,19.0,19.0,2026-08-25,0.0,2026-08-11 08:10:26.619424,2.0,19.777492577655497,2.6690541884206564
31.745500564575195,12.875,11.4401273727417,30.0,32.0,2026-08-12,2.0,2026-08-12 08:18:08.723707,3.0,30.58895634732382,3.228399629277747
31.745500564575195,0.9583333134651184,12.027965545654297,30.0,37.0,2026-08-13,7.0,2026-08-12 08:18:08.723707,3.0,30.58895634732382,3.228399629277747
36.94550323486328,47.72916793823242,15.550654411315918,35.0,30.0,2026-08-14,-5.0,2026-08-12 08:18:08.723707,4.0,35.50325806080942,2.2143364060013955
30.15900039672852,74.375,14.612786293029783,30.0,23.0,2026-08-15,-7.0,2026-08-12 08:18:08.723707,3.0,30.58895634732382,3.228399629277747
23.208999633789062,19.75,11.80528163909912,23.0,24.0,2026-08-16,1.0,2026-08-12 08:18:08.723707,2.0,23.708933948443978,2.6690541884206564
24.00900077819824,71.54166412353516,13.074321746826172,24.0,24.0,2026-08-17,0.0,2026-08-12 08:18:08.723707,2.0,24.691794291141097,2.6690541884206564
23.90900039672852,38.66666793823242,11.780425071716309,23.0,24.0,2026-08-18,1.0,2026-08-12 08:18:08.723707,2.0,23.708933948443978,2.6690541884206564
23.50900077819824,65.8125,13.58738613128662,24.0,21.0,2026-08-19,-3.0,2026-08-12 08:18:08.723707,2.0,24.691794291141097,2.6690541884206564
21.200000762939453,53.29166793823242,12.487499237060549,21.0,19.0,2026-08-20,-2.0,2026-08-12 08:18:08.723707,2.0,21.74321326304974,2.6690541884206564
18.950000762939453,44.875,10.843750953674316,19.0,19.0,2026-08-21,0.0,2026-08-12 08:18:08.723707,2.0,19.777492577655497,2.6690541884206564
19.049999237060547,21.125,10.095833778381348,19.0,20.0,2026-08-22,1.0,2026-08-12 08:18:08.723707,2.0,19.777492577655497,2.6690541884206564
19.75,11.083333015441896,10.75624942779541,20.0,20.0,2026-08-23,0.0,2026-08-12 08:18:08.723707,2.0,20.760352920352616,2.6690541884206564
19.600000381469727,12.916666984558104,9.91458225250244,19.0,20.0,2026-08-24,1.0,2026-08-12 08:18:08.723707,2.0,19.777492577655497,2.6690541884206564
19.64999961853028,8.333333015441895,9.164583206176758,19.0,21.0,2026-08-25,2.0,2026-08-12 08:18:08.723707,2.0,19.777492577655497,2.6690541884206564
20.64999961853028,23.875,9.616666793823242,20.0,23.0,2026-08-26,3.0,2026-08-12 08:18:08.723707,2.0,20.760352920352616,2.6690541884206564
35.295501708984375,4.25,11.640984535217283,33.0,35.0,2026-08-13,2.0,2026-08-13 08:21:39.337718,4.0,33.537537375415184,2.2143364060013955
35.295501708984375,16.79166603088379,14.424395561218262,34.0,32.0,2026-08-14,-2.0,2026-08-13 08:21:39.337718,4.0,34.5203977181123,2.2143364060013955
32.19550323486328,74.90625,14.533598899841309,31.0,26.0,2026-08-15,-5.0,2026-08-13 08:21:39.337718,3.0,31.571816690020945,3.228399629277747
25.958999633789062,81.29166412353516,13.554183959960938,26.0,26.0,2026-08-16,0.0,2026-08-13 08:21:39.337718,3.0,26.65751497653534,3.228399629277747
25.50900077819824,87.95833587646484,14.108760833740234,26.0,26.0,2026-08-17,0.0,2026-08-13 08:21:39.337718,3.0,26.65751497653534,3.228399629277747
26.25900077819824,83.375,11.749466896057127,26.0,22.0,2026-08-18,-4.0,2026-08-13 08:21:39.337718,3.0,26.65751497653534,3.228399629277747
22.35900115966797,64.38541412353516,9.716452598571776,22.0,24.0,2026-08-19,2.0,2026-08-13 08:21:39.337718,2.0,22.72607360574686,2.6690541884206564
24.5,72.53125,10.302083015441896,24.0,24.0,2026-08-20,0.0,2026-08-13 08:21:39.337718,2.0,24.691794291141097,2.6690541884206564
23.5,98.79166412353516,14.84375,24.0,23.0,2026-08-21,-1.0,2026-08-13 08:21:39.337718,2.0,24.691794291141097,2.6690541884206564
22.950000762939453,74.0,10.731250762939451,22.0,23.0,2026-08-22,1.0,2026-08-13 08:21:39.337718,2.0,22.72607360574686,2.6690541884206564
22.549999237060547,48.04166793823242,11.83750057220459,22.0,21.0,2026-08-23,-1.0,2026-08-13 08:21:39.337718,2.0,22.72607360574686,2.6690541884206564
21.0,9.416666984558104,8.560416221618652,20.0,23.0,2026-08-24,3.0,2026-08-13 08:21:39.337718,2.0,20.760352920352616,2.6690541884206564
22.64999961853028,21.08333396911621,10.635416984558104,22.0,22.0,2026-08-25,0.0,2026-08-13 08:21:39.337718,2.0,22.72607360574686,2.6690541884206564
22.100000381469727,57.625,9.491665840148926,21.0,22.0,2026-08-26,1.0,2026-08-13 08:21:39.337718,2.0,21.74321326304974,2.6690541884206564
21.75,86.125,13.64791488647461,22.0,20.0,2026-08-27,-2.0,2026-08-13 08:21:39.337718,2.0,22.72607360574686,2.6690541884206564
34.59550094604492,29.58333396911621,12.67927074432373,33.0,35.0,2026-08-14,2.0,2026-08-14 08:16:12.144273,4.0,33.537537375415184,2.2143364060013955
34.59550094604492,75.66666412353516,14.298426628112791,33.0,26.0,2026-08-15,-7.0,2026-08-14 08:16:12.144273,4.0,33.537537375415184,2.2143364060013955
25.695499420166016,63.91666793823242,10.25759506225586,25.0,24.0,2026-08-16,-1.0,2026-08-14 08:16:12.144273,2.0,25.67465463383822,2.6690541884206564
24.458999633789062,82.58333587646484,11.22177028656006,24.0,27.0,2026-08-17,3.0,2026-08-14 08:16:12.144273,2.0,24.691794291141097,2.6690541884206564
26.50900077819824,91.79166412353516,12.928065299987791,26.0,26.0,2026-08-18,0.0,2026-08-14 08:16:12.144273,3.0,26.65751497653534,3.228399629277747
25.75900077819824,56.25,7.707998752593994,24.0,20.0,2026-08-19,-4.0,2026-08-14 08:16:12.144273,2.0,24.691794291141097,2.6690541884206564
20.25900077819824,69.9375,7.688546657562256,19.0,20.0,2026-08-20,1.0,2026-08-14 08:16:12.144273,2.0,19.777492577655497,2.6690541884206564
20.40900039672852,53.0625,9.404658317565918,20.0,22.0,2026-08-21,2.0,2026-08-14 08:16:12.144273,2.0,20.760352920352616,2.6690541884206564
22.200000762939453,71.25,7.097917556762695,21.0,22.0,2026-08-22,1.0,2026-08-14 08:16:12.144273,2.0,21.74321326304974,2.6690541884206564
22.5,77.41666412353516,10.304165840148926,22.0,21.0,2026-08-23,-1.0,2026-08-14 08:16:12.144273,2.0,22.72607360574686,2.6690541884206564
21.100000381469727,15.666666984558104,8.918750762939453,20.0,22.0,2026-08-24,2.0,2026-08-14 08:16:12.144273,2.0,20.760352920352616,2.6690541884206564
22.39999961853028,59.70833206176758,8.854166030883789,21.0,24.0,2026-08-25,3.0,2026-08-14 08:16:12.144273,2.0,21.74321326304974,2.6690541884206564
23.75,85.95833587646484,15.747917175292969,25.0,21.0,2026-08-26,-4.0,2026-08-14 08:16:12.144273,2.0,25.67465463383822,2.6690541884206564
21.200000762939453,86.25,14.46666431427002,22.0,24.0,2026-08-27,2.0,2026-08-14 08:16:12.144273,2.0,22.72607360574686,2.6690541884206564
23.700000762939453,52.08333206176758,13.585418701171877,24.0,23.0,2026-08-28,-1.0,2026-08-14 08:16:12.144273,2.0,24.691794291141097,2.6690541884206564
27.445499420166016,82.75,14.412148475646973,27.0,27.0,2026-08-15,0.0,2026-08-15 07:31:24.866299,3.0,27.64037531923245,3.228399629277747
27.445499420166016,89.95833587646484,10.2310209274292,26.0,27.0,2026-08-16,1.0,2026-08-15 07:31:24.866299,3.0,26.65751497653534,3.228399629277747
26.545499801635746,79.90625,11.387534141540527,26.0,27.0,2026-08-17,1.0,2026-08-15 07:31:24.866299,3.0,26.65751497653534,3.228399629277747
26.50900077819824,91.79166412353516,12.928065299987791,26.0,26.0,2026-08-18,0.0,2026-08-15 07:31:24.866299,3.0,26.65751497653534,3.228399629277747
25.75900077819824,56.25,7.707998752593994,24.0,20.0,2026-08-19,-4.0,2026-08-15 07:31:24.866299,2.0,24.691794291141097,2.6690541884206564
20.25900077819824,66.90625,7.660421371459961,19.0,20.0,2026-08-20,1.0,2026-08-15 07:31:24.866299,2.0,19.777492577655497,2.6690541884206564
20.40900039672852,46.9375,11.330178260803224,20.0,21.0,2026-08-21,1.0,2026-08-15 07:31:24.866299,2.0,20.760352920352616,2.6690541884206564
20.950000762939453,30.45833396911621,8.750000953674316,20.0,20.0,2026-08-22,0.0,2026-08-15 07:31:24.866299,2.0,20.760352920352616,2.6690541884206564
19.64999961853028,30.79166603088379,9.860417366027832,19.0,21.0,2026-08-23,2.0,2026-08-15 07:31:24.866299,2.0,19.777492577655497,2.6690541884206564
21.450000762939453,25.83333396911621,10.258333206176758,21.0,22.0,2026-08-24,1.0,2026-08-15 07:31:24.866299,2.0,21.74321326304974,2.6690541884206564
21.799999237060547,74.375,10.447916030883787,21.0,22.0,2026-08-25,1.0,2026-08-15 07:31:24.866299,2.0,21.74321326304974,2.6690541884206564
22.350000381469727,100.0,14.595832824707031,23.0,18.0,2026-08-26,-5.0,2026-08-15 07:31:24.866299,2.0,23.708933948443978,2.6690541884206564
17.549999237060547,82.66666412353516,12.329167366027832,18.0,21.0,2026-08-27,3.0,2026-08-15 07:31:24.866299,2.0,18.79463223495837,2.6690541884206564
20.89999961853028,63.0,11.089581489562988,21.0,23.0,2026-08-28,2.0,2026-08-15 07:31:24.866299,2.0,21.74321326304974,2.6690541884206564
22.549999237060547,70.0,11.19374942779541,22.0,20.0,2026-08-29,-2.0,2026-08-15 07:31:24.866299,2.0,22.72607360574686,2.6690541884206564
26.39550018310547,90.04166412353516,13.191765785217283,26.0,26.0,2026-08-16,0.0,2026-08-16 07:31:43.240267,3.0,26.65751497653534,3.228399629277747
26.39550018310547,80.29166412353516,12.679800987243652,26.0,27.0,2026-08-17,1.0,2026-08-16 07:31:43.240267,3.0,26.65751497653534,3.228399629277747
26.795499801635746,96.5,15.200491905212402,27.0,24.0,2026-08-18,-3.0,2026-08-16 07:31:43.240267,3.0,27.64037531923245,3.228399629277747
23.85900115966797,78.5,8.265819549560547,23.0,22.0,2026-08-19,-1.0,2026-08-16 07:31:43.240267,2.0,23.708933948443978,2.6690541884206564
22.10900115966797,40.66666793823242,8.46004581451416,21.0,21.0,2026-08-20,0.0,2026-08-16 07:31:43.240267,2.0,21.74321326304974,2.6690541884206564
20.60900115966797,69.91666412353516,6.679516315460205,19.0,18.0,2026-08-21,-1.0,2026-08-16 07:31:43.240267,2.0,19.777492577655497,2.6690541884206564
18.05900001525879,41.79166793823242,8.747689247131348,18.0,18.0,2026-08-22,0.0,2026-08-16 07:31:43.240267,2.0,18.79463223495837,2.6690541884206564
18.14999961853028,38.79166793823242,9.25833225250244,18.0,22.0,2026-08-23,4.0,2026-08-16 07:31:43.240267,2.0,18.79463223495837,2.6690541884206564
22.0,8.291666984558105,7.237500667572021,21.0,24.0,2026-08-24,3.0,2026-08-16 07:31:43.240267,2.0,21.74321326304974,2.6690541884206564
23.75,50.45833206176758,8.958332061767578,23.0,27.0,2026-08-25,4.0,2026-08-16 07:31:43.240267,2.0,23.708933948443978,2.6690541884206564
26.950000762939453,97.91666412353516,11.78541660308838,26.0,28.0,2026-08-26,2.0,2026-08-16 07:31:43.240267,3.0,26.65751497653534,3.228399629277747
27.799999237060547,80.75,10.997917175292969,27.0,24.0,2026-08-27,-3.0,2026-08-16 07:31:43.240267,3.0,27.64037531923245,3.228399629277747
23.549999237060547,84.33333587646484,13.060416221618652,24.0,22.0,2026-08-28,-2.0,2026-08-16 07:31:43.240267,2.0,24.691794291141097,2.6690541884206564
21.850000381469727,50.83333206176758,12.7354154586792,22.0,23.0,2026-08-29,1.0,2026-08-16 07:31:43.240267,2.0,22.72607360574686,2.6690541884206564
22.549999237060547,44.41666793823242,13.716668128967283,23.0,,2026-08-30,,2026-08-16 07:31:43.240267,2.0,23.708933948443978,2.6690541884206564
25.045499801635746,83.45833587646484,12.380656242370604,25.0,25.0,2026-08-17,0.0,2026-08-17 07:53:46.218491,2.0,25.67465463383822,2.6690541884206564
25.045499801635746,99.33333587646484,12.207938194274902,25.0,25.0,2026-08-18,0.0,2026-08-17 07:53:46.218491,2.0,25.67465463383822,2.6690541884206564
25.245500564575195,50.5625,11.004803657531738,24.0,22.0,2026-08-19,-2.0,2026-08-17 07:53:46.218491,2.0,24.691794291141097,2.6690541884206564
22.30900001525879,31.08333396911621,11.271484375,22.0,20.0,2026-08-20,-2.0,2026-08-17 07:53:46.218491,2.0,22.72607360574686,2.6690541884206564
20.40900039672852,45.04166793823242,11.883532524108888,21.0,21.0,2026-08-21,0.0,2026-08-17 07:53:46.218491,2.0,21.74321326304974,2.6690541884206564
21.25900077819824,80.125,9.226675987243652,21.0,20.0,2026-08-22,-1.0,2026-08-17 07:53:46.218491,2.0,21.74321326304974,2.6690541884206564
19.75900077819824,25.15625,8.069817543029785,19.0,20.0,2026-08-23,1.0,2026-08-17 07:53:46.218491,2.0,19.777492577655497,2.6690541884206564
20.100000381469727,34.33333206176758,10.268750190734863,20.0,20.0,2026-08-24,0.0,2026-08-17 07:53:46.218491,2.0,20.760352920352616,2.6690541884206564
19.64999961853028,61.0,9.856249809265137,19.0,22.0,2026-08-25,3.0,2026-08-17 07:53:46.218491,2.0,19.777492577655497,2.6690541884206564
22.0,66.08333587646484,12.389583587646484,22.0,22.0,2026-08-26,0.0,2026-08-17 07:53:46.218491,2.0,22.72607360574686,2.6690541884206564
22.14999961853028,90.08333587646484,13.535415649414062,23.0,18.0,2026-08-27,-5.0,2026-08-17 07:53:46.218491,2.0,23.708933948443978,2.6690541884206564
17.549999237060547,35.33333206176758,12.341667175292969,18.0,21.0,2026-08-28,3.0,2026-08-17 07:53:46.218491,2.0,18.79463223495837,2.6690541884206564
20.75,34.75,11.279166221618652,21.0,20.0,2026-08-29,-1.0,2026-08-17 07:53:46.218491,2.0,21.74321326304974,2.6690541884206564
20.450000762939453,79.5,11.574999809265137,21.0,20.0,2026-08-30,-1.0,2026-08-17 07:53:46.218491,2.0,21.74321326304974,2.6690541884206564
19.950000762939453,64.70833587646484,12.28541660308838,20.0,20.0,2026-08-31,0.0,2026-08-17 07:53:46.218491,2.0,20.760352920352616,2.6690541884206564
25.445499420166016,95.66666412353516,12.496268272399902,25.0,25.0,2026-08-18,0.0,2026-08-18 07:38:30.727472,2.0,25.67465463383822,2.6690541884206564
25.445499420166016,72.45833587646484,11.668018341064451,25.0,22.0,2026-08-19,-3.0,2026-08-18 07:38:30.727472,2.0,25.67465463383822,2.6690541884206564
22.195499420166016,25.08333396911621,12.192952156066896,22.0,21.0,2026-08-20,-1.0,2026-08-18 07:38:30.727472,2.0,22.72607360574686,2.6690541884206564
21.30900001525879,50.45833206176758,10.678997993469238,21.0,19.0,2026-08-21,-2.0,2026-08-18 07:38:30.727472,2.0,21.74321326304974,2.6690541884206564
19.40900039672852,38.04166793823242,7.23606538772583,18.0,21.0,2026-08-22,3.0,2026-08-18 07:38:30.727472,2.0,18.79463223495837,2.6690541884206564
21.40900039672852,43.33333206176758,5.825742721557617,20.0,21.0,2026-08-23,1.0,2026-08-18 07:38:30.727472,2.0,20.760352920352616,2.6690541884206564
21.15900039672852,98.03125,10.180333137512209,21.0,19.0,2026-08-24,-2.0,2026-08-18 07:38:30.727472,2.0,21.74321326304974,2.6690541884206564
19.00900077819824,61.64583206176758,9.856249809265137,19.0,22.0,2026-08-25,3.0,2026-08-18 07:38:30.727472,2.0,19.777492577655497,2.6690541884206564
22.0,66.08333587646484,12.389583587646484,22.0,22.0,2026-08-26,0.0,2026-08-18 07:38:30.727472,2.0,22.72607360574686,2.6690541884206564
22.14999961853028,90.08333587646484,13.535415649414062,23.0,18.0,2026-08-27,-5.0,2026-08-18 07:38:30.727472,2.0,23.708933948443978,2.6690541884206564
17.549999237060547,35.33333206176758,12.341667175292969,18.0,21.0,2026-08-28,3.0,2026-08-18 07:38:30.727472,2.0,18.79463223495837,2.6690541884206564
20.75,34.75,11.279166221618652,21.0,20.0,2026-08-29,-1.0,2026-08-18 07:38:30.727472,2.0,21.74321326304974,2.6690541884206564
20.450000762939453,79.5,11.574999809265137,21.0,20.0,2026-08-30,-1.0,2026-08-18 07:38:30.727472,2.0,21.74321326304974,2.6690541884206564
19.950000762939453,64.70833587646484,12.28541660308838,20.0,20.0,2026-08-31,0.0,2026-08-18 07:38:30.727472,2.0,20.760352920352616,2.6690541884206564
19.799999237060547,,,,,2026-09-01,,2026-08-18 07:38:30.727472,,,
22.695499420166016,79.625,12.607768058776855,23.0,23.0,2026-08-19,0.0,2026-08-19 07:38:45.430796,2.0,23.708933948443978,2.6690541884206564
22.695499420166016,72.33333587646484,10.955520629882812,22.0,22.0,2026-08-20,0.0,2026-08-19 07:38:45.430796,2.0,22.72607360574686,2.6690541884206564
21.84549903869629,65.77083587646484,8.9196138381958,21.0,20.0,2026-08-21,-1.0,2026-08-19 07:38:45.430796,2.0,21.74321326304974,2.6690541884206564
19.708999633789062,17.16666603088379,7.386317729949951,19.0,20.0,2026-08-22,1.0,2026-08-19 07:38:45.430796,2.0,19.777492577655497,2.6690541884206564
20.10900115966797,9.291666984558104,7.184245586395264,19.0,22.0,2026-08-23,3.0,2026-08-19 07:38:45.430796,2.0,19.777492577655497,2.6690541884206564
21.80900001525879,54.79166793823242,8.533812522888184,21.0,22.0,2026-08-24,1.0,2026-08-19 07:38:45.430796,2.0,21.74321326304974,2.6690541884206564
22.458999633789062,74.15625,13.44255828857422,23.0,20.0,2026-08-25,-3.0,2026-08-19 07:38:45.430796,2.0,23.708933948443978,2.6690541884206564
19.60900115966797,63.91666793823242,13.1173095703125,20.0,22.0,2026-08-26,2.0,2026-08-19 07:38:45.430796,2.0,20.760352920352616,2.6690541884206564
22.350000381469727,65.20833587646484,14.65000057220459,23.0,21.0,2026-08-27,-2.0,2026-08-19 07:38:45.430796,2.0,23.708933948443978,2.6690541884206564
21.39999961853028,67.16666412353516,12.502083778381348,22.0,20.0,2026-08-28,-2.0,2026-08-19 07:38:45.430796,2.0,22.72607360574686,2.6690541884206564
19.950000762939453,27.95833396911621,13.754165649414062,21.0,22.0,2026-08-29,1.0,2026-08-19 07:38:45.430796,2.0,21.74321326304974,2.6690541884206564
22.25,24.08333396911621,9.302083969116213,21.0,20.0,2026-08-30,-1.0,2026-08-19 07:38:45.430796,2.0,21.74321326304974,2.6690541884206564
19.700000762939453,33.04166793823242,9.689582824707031,19.0,20.0,2026-08-31,1.0,2026-08-19 07:38:45.430796,2.0,19.777492577655497,2.6690541884206564
20.25,84.54166412353516,10.318748474121094,20.0,21.0,2026-09-01,1.0,2026-08-19 07:38:45.430796,2.0,20.760352920352616,2.6690541884206564
20.600000381469727,98.375,15.260416984558104,22.0,23.0,2026-09-02,1.0,2026-08-19 07:38:45.430796,2.0,22.72607360574686,2.6690541884206564
21.495500564575195,85.04166412353516,11.492470741271973,21.0,21.0,2026-08-20,0.0,2026-08-20 07:41:14.388592,2.0,21.74321326304974,2.6690541884206564
21.495500564575195,76.45833587646484,7.760720729827881,20.0,21.0,2026-08-21,1.0,2026-08-20 07:41:14.388592,2.0,20.760352920352616,2.6690541884206564
20.545499801635746,26.1875,6.307775497436523,19.0,21.0,2026-08-22,2.0,2026-08-20 07:41:14.388592,2.0,19.777492577655497,2.6690541884206564
20.75900077819824,3.9583332538604736,6.882021427154541,19.0,22.0,2026-08-23,3.0,2026-08-20 07:41:14.388592,2.0,19.777492577655497,2.6690541884206564
22.25900077819824,37.75,8.603178977966309,21.0,22.0,2026-08-24,1.0,2026-08-20 07:41:14.388592,2.0,21.74321326304974,2.6690541884206564
22.40900039672852,90.91666412353516,14.191699028015137,23.0,24.0,2026-08-25,1.0,2026-08-20 07:41:14.388592,2.0,23.708933948443978,2.6690541884206564
23.90900039672852,96.875,16.81023406982422,25.0,21.0,2026-08-26,-4.0,2026-08-20 07:41:14.388592,2.0,25.67465463383822,2.6690541884206564
21.00900077819824,77.41666412353516,16.425825119018555,22.0,21.0,2026-08-27,-1.0,2026-08-20 07:41:14.388592,2.0,22.72607360574686,2.6690541884206564
21.200000762939453,48.16666793823242,13.675002098083496,22.0,20.0,2026-08-28,-2.0,2026-08-20 07:41:14.388592,2.0,22.72607360574686,2.6690541884206564
20.200000762939453,53.33333206176758,13.552082061767578,21.0,20.0,2026-08-29,-1.0,2026-08-20 07:41:14.388592,2.0,21.74321326304974,2.6690541884206564
20.049999237060547,55.875,13.375,21.0,21.0,2026-08-30,0.0,2026-08-20 07:41:14.388592,2.0,21.74321326304974,2.6690541884206564
21.049999237060547,23.375,10.497916221618652,21.0,19.0,2026-08-31,-2.0,2026-08-20 07:41:14.388592,2.0,21.74321326304974,2.6690541884206564
19.450000762939453,37.95833206176758,10.279166221618652,19.0,20.0,2026-09-01,1.0,2026-08-20 07:41:14.388592,2.0,19.777492577655497,2.6690541884206564
20.350000381469727,99.29166412353516,15.347915649414062,22.0,19.0,2026-09-02,-3.0,2026-08-20 07:41:14.388592,2.0,22.72607360574686,2.6690541884206564
19.39999961853028,36.66666793823242,11.38124942779541,20.0,20.0,2026-09-03,0.0,2026-08-20 07:41:14.388592,2.0,20.760352920352616,2.6690541884206564
20.795499801635746,72.70833587646484,8.57870101928711,20.0,21.0,2026-08-21,1.0,2026-08-21 00:44:45.809136,1.0,20.30522334538812,
20.795499801635746,29.91666603088379,5.007666110992432,19.0,21.0,2026-08-22,2.0,2026-08-21 00:44:45.809136,1.0,19.356963840991828,
21.34549903869629,2.25,7.133405208587647,20.0,23.0,2026-08-23,3.0,2026-08-21 00:44:45.809136,1.0,20.371352438225152,
22.65900039672852,38.20833206176758,9.025668144226074,22.0,22.0,2026-08-24,0.0,2026-08-21 00:44:45.809136,2.0,22.32940174608738,
21.55900001525879,24.16666603088379,13.488368034362791,22.0,26.0,2026-08-25,4.0,2026-08-21 00:44:45.809136,2.0,22.34184231549548,
26.458999633789062,76.375,14.895618438720703,27.0,27.0,2026-08-26,0.0,2026-08-21 00:44:45.809136,2.0,27.32646766466248,
27.05900001525879,69.15625,14.212395668029783,27.0,24.0,2026-08-27,-3.0,2026-08-21 00:44:45.809136,2.0,27.28802834456829,
23.64999961853028,74.79166412353516,11.93125057220459,23.0,20.0,2026-08-28,-3.0,2026-08-21 00:44:45.809136,2.0,23.292508504300155,
19.549999237060547,38.54166793823242,10.71041774749756,20.0,21.0,2026-08-29,1.0,2026-08-21 00:44:45.809136,1.0,20.33429856398314,
20.600000381469727,83.20833587646484,15.197916984558104,22.0,21.0,2026-08-30,-1.0,2026-08-21 00:44:45.809136,2.0,22.34301436825488,
21.25,81.375,14.456249237060549,22.0,21.0,2026-08-31,-1.0,2026-08-21 00:44:45.809136,2.0,22.350044968612053,
20.600000381469727,89.33333587646484,14.139583587646484,21.0,19.0,2026-09-01,-2.0,2026-08-21 00:44:45.809136,1.0,21.35146796438161,
19.350000381469727,12.875,11.954167366027832,20.0,21.0,2026-09-02,1.0,2026-08-21 00:44:45.809136,1.0,20.35087677231829,
20.64999961853028,18.08333396911621,12.08958339691162,21.0,21.0,2026-09-03,0.0,2026-08-21 00:44:45.809136,1.0,21.357107181669296,
20.799999237060547,,,,,2026-09-04,,2026-08-21 00:44:45.809136,,,
21.34549903869629,48.125,6.813467502593994,20.0,21.0,2026-08-22,1.0,2026-08-22 07:32:09.676645,2.0,20.59974376750401,2.1751395747202
21.34549903869629,55.33333206176758,7.937112808227539,20.0,23.0,2026-08-23,3.0,2026-08-22 07:32:09.676645,2.0,20.89842099697584,2.1751395747202
22.995500564575195,48.70833206176758,9.79843521118164,22.0,21.0,2026-08-24,-1.0,2026-08-22 07:32:09.676645,3.0,22.80986413904012,2.942283820620229
21.458999633789062,70.66666412353516,13.263909339904783,22.0,21.0,2026-08-25,-1.0,2026-08-22 07:32:09.676645,3.0,22.919245274099875,2.942283820620229
21.40900039672852,76.45833587646484,15.177355766296388,22.0,25.0,2026-08-26,3.0,2026-08-22 07:32:09.676645,3.0,23.19292849859401,2.942283820620229
25.40900039672852,39.45833206176758,12.604076385498049,25.0,24.0,2026-08-27,-1.0,2026-08-22 07:32:09.676645,3.0,26.16109011938141,2.942283820620229
24.10900115966797,70.625,13.04550075531006,24.0,21.0,2026-08-28,-3.0,2026-08-22 07:32:09.676645,3.0,24.86365197103941,2.942283820620229
21.049999237060547,52.57291793823242,14.00416660308838,22.0,21.0,2026-08-29,-1.0,2026-08-22 07:32:09.676645,3.0,22.801673450602795,2.942283820620229
20.75,64.83333587646484,13.604165077209473,21.0,20.0,2026-08-30,-1.0,2026-08-22 07:32:09.676645,2.0,21.751669252797697,2.1751395747202
20.0,69.375,15.860416412353516,21.0,19.0,2026-08-31,-2.0,2026-08-22 07:32:09.676645,2.0,21.741484626245303,2.1751395747202
18.549999237060547,63.70833206176758,14.704166412353516,20.0,20.0,2026-09-01,0.0,2026-08-22 07:32:09.676645,2.0,20.745685660143373,2.1751395747202
19.600000381469727,46.33333206176758,12.177083015441896,20.0,19.0,2026-09-02,-1.0,2026-08-22 07:32:09.676645,2.0,20.70137540582228,2.1751395747202
19.299999237060547,87.70833587646484,10.737500190734863,19.0,19.0,2026-09-03,0.0,2026-08-22 07:32:09.676645,2.0,19.73674116543713,2.1751395747202
19.049999237060547,85.0,14.87500286102295,20.0,19.0,2026-09-04,-1.0,2026-08-22 07:32:09.676645,2.0,20.711248251493068,2.1751395747202
19.200000762939453,84.58333587646484,12.397915840148926,20.0,21.0,2026-09-05,1.0,2026-08-22 07:32:09.676645,2.0,20.62161998565741,2.1751395747202
23.39550018310547,70.45833587646484,8.410492897033691,22.0,23.0,2026-08-23,1.0,2026-08-23 07:33:45.044452,3.0,22.89511957585572,2.9391556433221577
23.39550018310547,37.58333206176758,9.388005256652832,22.0,22.0,2026-08-24,0.0,2026-08-23 07:33:45.044452,3.0,22.806628247671853,2.9391556433221577
22.045499801635746,70.91666412353516,13.749664306640623,23.0,22.0,2026-08-25,-1.0,2026-08-23 07:33:45.044452,3.0,23.9160753757749,2.9391556433221577
22.00900077819824,74.29166412353516,14.949275016784668,23.0,25.0,2026-08-26,2.0,2026-08-23 07:33:45.044452,3.0,24.189490597515444,2.9391556433221577
25.458999633789062,84.04166412353516,16.32094955444336,26.0,21.0,2026-08-27,-5.0,2026-08-23 07:33:45.044452,3.0,27.15759083767889,2.9391556433221577
21.25900077819824,83.79166412353516,13.198575019836426,22.0,20.0,2026-08-28,-2.0,2026-08-23 07:33:45.044452,3.0,22.860256128532267,2.9391556433221577
19.60900115966797,63.48958206176758,12.77280330657959,20.0,22.0,2026-08-29,2.0,2026-08-23 07:33:45.044452,2.0,20.798185258434017,2.1744707002464234
22.049999237060547,34.875,13.077083587646484,22.0,22.0,2026-08-30,0.0,2026-08-23 07:33:45.044452,3.0,22.748149720634046,2.9391556433221577
21.549999237060547,67.79166412353516,10.52708339691162,21.0,18.0,2026-08-31,-3.0,2026-08-23 07:33:45.044452,2.0,21.738064453399183,2.1744707002464234
17.799999237060547,76.0,8.114584922790527,17.0,18.0,2026-09-01,1.0,2026-08-23 07:33:45.044452,2.0,17.742290458719758,2.1744707002464234
17.850000381469727,64.83333587646484,7.977083683013916,17.0,19.0,2026-09-02,2.0,2026-08-23 07:33:45.044452,2.0,17.697905964518167,2.1744707002464234
19.049999237060547,50.5,10.154166221618652,19.0,20.0,2026-09-03,1.0,2026-08-23 07:33:45.044452,2.0,19.733116801427173,2.1744707002464234
19.950000762939453,59.20833206176758,10.71458339691162,20.0,22.0,2026-09-04,2.0,2026-08-23 07:33:45.044452,2.0,20.70791304252257,2.1744707002464234
22.39999961853028,87.66666412353516,11.922917366027832,22.0,21.0,2026-09-05,-1.0,2026-08-23 07:33:45.044452,3.0,22.618282135722456,2.9391556433221577
20.799999237060547,51.91666793823242,11.320834159851074,21.0,17.0,2026-09-06,-4.0,2026-08-23 07:33:45.044452,2.0,21.791801198581613,2.1744707002464234
21.89550018310547,61.08333206176758,8.97138500213623,21.0,22.0,2026-08-24,1.0,2026-08-24 07:58:17.761749,2.0,21.80137846136491,2.1773638313430013
21.89550018310547,16.08333396911621,11.234332084655762,22.0,25.0,2026-08-25,3.0,2026-08-24 07:58:17.761749,3.0,22.91047463454858,2.959554086350524
25.045499801635746,80.95833587646484,15.962265014648438,26.0,23.0,2026-08-26,-3.0,2026-08-24 07:58:17.761749,3.0,27.1830166193575,2.959554086350524
22.55900001525879,70.95833587646484,17.110685348510742,24.0,24.0,2026-08-27,0.0,2026-08-24 07:58:17.761749,3.0,25.151219306989347,2.959554086350524
23.50900077819824,41.625,13.579876899719238,24.0,24.0,2026-08-28,0.0,2026-08-24 07:58:17.761749,3.0,24.85483562085463,2.959554086350524
23.60900115966797,69.29166412353516,14.567400932312012,24.0,23.0,2026-08-29,-1.0,2026-08-24 07:58:17.761749,3.0,24.79296420428473,2.959554086350524
23.25900077819824,52.14583206176758,13.147408485412598,23.0,23.0,2026-08-30,0.0,2026-08-24 07:58:17.761749,3.0,23.743088949794807,2.959554086350524
22.50900077819824,23.22916603088379,11.402615547180176,22.0,21.0,2026-08-31,-1.0,2026-08-24 07:58:17.761749,3.0,22.733035287975262,2.959554086350524
20.89999961853028,64.95833587646484,11.672916412353516,21.0,21.0,2026-09-01,0.0,2026-08-24 07:58:17.761749,2.0,21.737247485279653,2.1773638313430013
20.89999961853028,52.16666793823242,12.268749237060549,21.0,18.0,2026-09-02,-3.0,2026-08-24 07:58:17.761749,2.0,21.69300579846216,2.1773638313430013
18.350000381469727,93.70833587646484,14.564582824707031,20.0,21.0,2026-09-03,1.0,2026-08-24 07:58:17.761749,2.0,20.728104920294115,2.1773638313430013
21.39999961853028,92.16666412353516,13.893750190734863,22.0,21.0,2026-09-04,-1.0,2026-08-24 07:58:17.761749,3.0,22.70297977391198,2.959554086350524
21.0,78.41666412353516,14.574997901916504,22.0,20.0,2026-09-05,-2.0,2026-08-24 07:58:17.761749,3.0,22.61363585946285,2.959554086350524
20.100000381469727,30.41666603088379,12.800000190734863,21.0,20.0,2026-09-06,-1.0,2026-08-24 07:58:17.761749,2.0,21.786600395483926,2.1773638313430013
20.450000762939453,64.20833587646484,15.270833015441896,22.0,22.0,2026-09-07,0.0,2026-08-24 07:58:17.761749,3.0,22.94033024220236,2.959554086350524
24.89550018310547,17.54166603088379,11.568697929382324,24.0,25.0,2026-08-25,1.0,2026-08-25 07:43:43.865467,3.0,24.91275409295961,2.963580308002139
24.89550018310547,84.91666412353516,15.57119083404541,25.0,27.0,2026-08-26,2.0,2026-08-25 07:43:43.865467,3.0,26.18590270996596,2.963580308002139
27.09549903869629,69.625,14.992993354797363,27.0,23.0,2026-08-27,-4.0,2026-08-25 07:43:43.865467,3.0,28.154011222511528,2.963580308002139
23.458999633789062,74.0,13.743168830871582,24.0,22.0,2026-08-28,-2.0,2026-08-25 07:43:43.865467,3.0,24.85688962853884,2.963580308002139
21.60900115966797,48.08333206176758,15.171442985534668,23.0,21.0,2026-08-29,-2.0,2026-08-25 07:43:43.865467,3.0,23.794807095943806,2.963580308002139
21.30900001525879,30.875,12.941349983215332,22.0,22.0,2026-08-30,0.0,2026-08-25 07:43:43.865467,3.0,22.744801981442578,2.963580308002139
22.35900115966797,49.90625,11.07715892791748,22.0,21.0,2026-08-31,-1.0,2026-08-25 07:43:43.865467,3.0,22.734755945878938,2.963580308002139
20.55900001525879,45.66666793823242,10.92403793334961,20.0,20.0,2026-09-01,0.0,2026-08-25 07:43:43.865467,2.0,20.73900164997015,2.174327570812197
20.299999237060547,37.0,13.50624942779541,21.0,22.0,2026-09-02,1.0,2026-08-25 07:43:43.865467,2.0,21.694589833234147,2.174327570812197
21.850000381469727,71.91666412353516,14.358333587646484,23.0,22.0,2026-09-03,-1.0,2026-08-25 07:43:43.865467,3.0,23.729735832860914,2.963580308002139
22.399999618530277,63.95833206176758,16.33125114440918,24.0,22.0,2026-09-04,-2.0,2026-08-25 07:43:43.865467,3.0,24.70465544568432,2.963580308002139
22.5,10.625,15.56250286102295,23.0,27.0,2026-09-05,4.0,2026-08-25 07:43:43.865467,3.0,23.615067697932883,2.963580308002139
27.25,63.04166793823242,14.818751335144045,27.0,18.0,2026-09-06,-9.0,2026-08-25 07:43:43.865467,3.0,27.78842780077493,2.963580308002139
17.899999618530273,46.58333206176758,8.94374942779541,18.0,19.0,2026-09-07,1.0,2026-08-25 07:43:43.865467,2.0,18.94254465917137,2.174327570812197
18.950000762939453,53.5,8.964583396911621,19.0,18.0,2026-09-08,-1.0,2026-08-25 07:43:43.865467,2.0,20.016186077656872,2.174327570812197
22.89550018310547,96.04166412353516,17.21322250366211,24.0,23.0,2026-08-26,-1.0,2026-08-26 07:47:18.705612,3.0,25.16966593374517,2.953218070659623
22.89550018310547,70.58333587646484,16.22321891784668,24.0,24.0,2026-08-27,0.0,2026-08-26 07:47:18.705612,3.0,25.138132066249266,2.953218070659623
24.245500564575195,57.95833206176758,12.611817359924316,24.0,21.0,2026-08-28,-3.0,2026-08-26 07:47:18.705612,3.0,24.8446610393292,2.953218070659623
21.409000396728516,75.66666412353516,14.408909797668457,22.0,22.0,2026-08-29,0.0,2026-08-26 07:47:18.705612,3.0,22.78315713336005,2.953218070659623
21.958999633789062,83.83333587646484,11.452462196350098,22.0,20.0,2026-08-30,-2.0,2026-08-26 07:47:18.705612,3.0,22.73376056263522,2.953218070659623
19.909000396728516,43.91666793823242,10.31002426147461,20.0,20.0,2026-08-31,0.0,2026-08-26 07:47:18.705612,2.0,20.723933073967203,2.1737814393761283
20.05900001525879,57.08333206176758,10.069693565368652,20.0,20.0,2026-09-01,0.0,2026-08-26 07:47:18.705612,2.0,20.728207408902385,2.1737814393761283
20.409000396728516,58.27083206176758,10.408332824707031,20.0,19.0,2026-09-02,-1.0,2026-08-26 07:47:18.705612,2.0,20.684137678835743,2.1737814393761283
19.350000381469727,91.58333587646484,16.629167556762695,21.0,23.0,2026-09-03,2.0,2026-08-26 07:47:18.705612,2.0,21.71874182227478,2.1737814393761283
22.950000762939453,33.04166793823242,15.366667747497559,24.0,25.0,2026-09-04,1.0,2026-08-26 07:47:18.705612,3.0,24.694293709012044,2.953218070659623
24.799999237060547,80.08333587646484,14.064581871032715,25.0,20.0,2026-09-05,-5.0,2026-08-26 07:47:18.705612,3.0,25.605734680631286,2.953218070659623
19.950000762939453,22.04166603088379,9.406250953674316,19.0,22.0,2026-09-06,3.0,2026-08-26 07:47:18.705612,2.0,19.776844115431047,2.1737814393761283
21.5,61.625,8.829167366027832,21.0,22.0,2026-09-07,1.0,2026-08-26 07:47:18.705612,2.0,21.929111324866785,2.1737814393761283
22.200000762939453,61.29166793823242,9.839582443237305,22.0,24.0,2026-09-08,2.0,2026-08-26 07:47:18.705612,3.0,23.002267015068835,2.953218070659623
23.549999237060547,45.95833206176758,8.989583015441895,22.0,26.0,2026-09-09,4.0,2026-08-26 07:47:18.705612,3.0,22.622128311716175,2.953218070659623
