max_temp_lag1,cloud_cover_mean,dew_point_2m_mean,Predictions,Optimized Predictions,Binned Predictions,95 Interval Limit,Forecasts,date,Error in prediction and forecast,Timestamp Key
20.6955,97.291664,10.969396,21.0,21.47270940534756,2,2.2649286095857284,21.0,2026-09-28,0.0,2026-09-28 15:00:21.129271
20.6955,75.0,15.991721,22.0,22.35333184178799,2,2.2649286095857284,26.0,2026-09-29,4.0,2026-09-28 15:00:21.129271
25.9955,55.729168,13.546943,26.0,26.428417928062554,3,3.0470455140751995,23.0,2026-09-30,-3.0,2026-09-28 15:00:21.129271
22.5455,55.625,11.036286,22.0,22.51250497388964,2,2.2649286095857284,18.0,2026-10-01,-4.0,2026-09-28 15:00:21.129271
18.409,44.75,9.501584,18.0,18.51476196868357,2,2.2649286095857284,20.0,2026-10-02,2.0,2026-09-28 15:00:21.129271
20.209,49.083332,12.552162,21.0,21.63623476562488,2,2.2649286095857284,19.0,2026-10-03,-2.0,2026-09-28 15:00:21.129271
18.809,33.229168,12.783113,19.0,19.416676659987807,2,2.2649286095857284,20.0,2026-10-04,1.0,2026-09-28 15:00:21.129271
20.309,37.697918,10.792557,20.0,20.304804442092895,2,2.2649286095857284,19.0,2026-10-05,-1.0,2026-09-28 15:00:21.129271
19.3,38.25,11.133332,19.0,19.336844230605386,2,2.2649286095857284,20.0,2026-10-06,1.0,2026-09-28 15:00:21.129271
19.75,52.958332,8.0125,19.0,19.552505955246815,2,2.2649286095857284,18.0,2026-10-07,-1.0,2026-09-28 15:00:21.129271
18.35,31.791666,4.4291673,17.0,17.453568426948642,2,2.2649286095857284,15.0,2026-10-08,-2.0,2026-09-28 15:00:21.129271
14.75,85.666664,5.893749,14.0,14.373960902256986,2,2.2649286095857284,16.0,2026-10-09,2.0,2026-09-28 15:00:21.129271
15.65,28.583334,7.2458344,15.0,15.310373698051741,2,2.2649286095857284,15.0,2026-10-10,0.0,2026-09-28 15:00:21.129271
15.25,49.5,7.09375,15.0,15.321435068488102,2,2.2649286095857284,16.0,2026-10-11,1.0,2026-09-28 15:00:21.129271
16.0,81.541664,9.210417,16.0,16.232792039321925,2,2.2649286095857284,12.0,2026-10-12,-4.0,2026-09-28 15:00:21.129271
